review_id,display_order,image_file
review_20926686c1ce,1,outputs\visual_review_packet\images\review_20926686c1ce.png
review_56dd997d0d66,2,outputs\visual_review_packet\images\review_56dd997d0d66.png
review_58367ba5dde2,3,outputs\visual_review_packet\images\review_58367ba5dde2.png
review_b1c7d85aaeae,4,outputs\visual_review_packet\images\review_b1c7d85aaeae.png
review_71d4ddc1557a,5,outputs\visual_review_packet\images\review_71d4ddc1557a.png
review_7f63933b807a,6,outputs\visual_review_packet\images\review_7f63933b807a.png
review_bdfd1d7786c9,7,outputs\visual_review_packet\images\review_bdfd1d7786c9.png
review_fd21fa8650da,8,outputs\visual_review_packet\images\review_fd21fa8650da.png
review_94354077acdd,9,outputs\visual_review_packet\images\review_94354077acdd.png
review_669a72c8e33f,10,outputs\visual_review_packet\images\review_669a72c8e33f.png
review_d7c19931b7fd,11,outputs\visual_review_packet\images\review_d7c19931b7fd.png
review_0a6ef01c8fef,12,outputs\visual_review_packet\images\review_0a6ef01c8fef.png
review_0e19cf4acf4b,13,outputs\visual_review_packet\images\review_0e19cf4acf4b.png
review_f11ab15adc88,14,outputs\visual_review_packet\images\review_f11ab15adc88.png
review_c7b4e65e9008,15,outputs\visual_review_packet\images\review_c7b4e65e9008.png
review_71052e4d198d,16,outputs\visual_review_packet\images\review_71052e4d198d.png
