source_id,source_domain,relative_path,absolute_path,file_extension,file_size_bytes,file_sha256,pixel_sha256,perceptual_hash,width,height,channels,face_count,largest_face_width,largest_face_height,decode_status,license_status,provenance_status,status,exclusion_reasons
ffhq:00000.png,FFHQ,00000.png,C:\Users\USERAS\thesis_project\data\raw\FFHQ\00000.png,.png,104527,556e67799296565e941b5fc4af025a5efc24f8ff4c244a08d2d5e4d917c04186,c3dafaca8321731b07d17931e017842a77b239f14de2f9eff9836f3787043fe1,0101110011100110110000111101011111000011000010111000001111110001,256,256,3,1,146,170,ok,verify_per_image_metadata,dataset_metadata_required,pending_review,license_review_required;provenance_review_required
ffhq:00001.png,FFHQ,00001.png,C:\Users\USERAS\thesis_project\data\raw\FFHQ\00001.png,.png,109958,775f913a6f2969f89caa4be6467d832d1e3d3034b0d09009b696ba717225e17e,6fc0ff6c66d6154f7262af8d582f7fbd46c89debe63d58966c1a908bb1abf1aa,1110100011100000011100000111010001101000001000000111001011110001,256,256,3,0,,,ok,verify_per_image_metadata,dataset_metadata_required,rejected,license_review_required;no_face_detected;provenance_review_required
ffhq:00002.png,FFHQ,00002.png,C:\Users\USERAS\thesis_project\data\raw\FFHQ\00002.png,.png,91341,f8df5fbac52541a1a58703872631b416d47187fe6971e1412624526749d4c427,5aadc231e363b7d0c07b474ac55a16bde0df00167f202fc346cb38add750a270,0000111000110011011100110101001101010110011001111111001111100001,256,256,3,1,141,178,ok,verify_per_image_metadata,dataset_metadata_required,pending_review,license_review_required;provenance_review_required
ffhq:00003.png,FFHQ,00003.png,C:\Users\USERAS\thesis_project\data\raw\FFHQ\00003.png,.png,101213,070f2b1076aa5043fbbb32ebc2f4b02d51071e2773c4c27e8a31979de18ed50a,fc3cdebb8333e2f7f5364fe4fdc72a7aeac9e295aaf10f9838176f7262199337,0001011100111001011110010101010101101001011010010000111010001110,256,256,3,1,139,173,ok,verify_per_image_metadata,dataset_metadata_required,pending_review,license_review_required;provenance_review_required
ffhq:00004.png,FFHQ,00004.png,C:\Users\USERAS\thesis_project\data\raw\FFHQ\00004.png,.png,121505,964553990a2794d9bdb6c1dd3ef1c5319a3f759385f4c30e7e59ac1f8c978406,5a5a9aa075fdbb09b112be035fede9271e1e6d799203cfddcbf72a1e80eb3691,1001011010010111101100111001001110001011101000011011100110101011,256,256,3,1,127,186,ok,verify_per_image_metadata,dataset_metadata_required,pending_review,license_review_required;provenance_review_required
ffhq:00005.png,FFHQ,00005.png,C:\Users\USERAS\thesis_project\data\raw\FFHQ\00005.png,.png,98305,9be327b061973a6ef086be7f7228b01c562de8cd1a0998ed636a054e7ae30dea,8673b76d9ef349c53c6dd391fb2dd415d0c90e1e5aafb89e76f87b97a625a10c,1110000111110001111100011111000111110001111110011111100100000101,256,256,3,1,117,175,ok,verify_per_image_metadata,dataset_metadata_required,pending_review,license_review_required;provenance_review_required
ffhq:00006.png,FFHQ,00006.png,C:\Users\USERAS\thesis_project\data\raw\FFHQ\00006.png,.png,106188,c2c328faa15eac592a450472fdc7eb589afaed8a4ccbf09e8f7795255e3d1d88,bd67c38d0b9a1070aedf8628f1b3c1b103aafeb5178d3bd14be64b07713903dd,0001100000111000001110000011010000110100001111000001100100011110,256,256,3,0,,,ok,verify_per_image_metadata,dataset_metadata_required,rejected,license_review_required;no_face_detected;provenance_review_required
ffhq:00007.png,FFHQ,00007.png,C:\Users\USERAS\thesis_project\data\raw\FFHQ\00007.png,.png,109795,93b5eddab43ad4129ee54e6878d7f26419ef161355ace2735d70a28fec540b1d,1351d1581c02a6633f2f7c2b2bf1018107eb5923dddd92f0ec88ada87f3ac033,0100010111001001111000011101000111010000110000001111001001000111,256,256,3,0,,,ok,verify_per_image_metadata,dataset_metadata_required,rejected,license_review_required;no_face_detected;provenance_review_required
ffhq:00008.png,FFHQ,00008.png,C:\Users\USERAS\thesis_project\data\raw\FFHQ\00008.png,.png,104650,1693621960ea252603b04c1daa4748e4153d1f61694392e1f88e2d3180ba8cd1,f13111f7e1896e1d87ae0aca7ac6d8d27d852e479d0b6024f9dce16cfa70aeab,0011011000111110011110010111100101111001011100011111100111011101,256,256,3,1,135,162,ok,verify_per_image_metadata,dataset_metadata_required,pending_review,license_review_required;provenance_review_required
ffhq:00009.png,FFHQ,00009.png,C:\Users\USERAS\thesis_project\data\raw\FFHQ\00009.png,.png,86510,b56998bcd3bdfa048f0266142a9d505e02612c45646f5e6ed4470bce5a493d42,fa54b9db4daef7880a2e7d2ebecdc14cfaa9dd8e1c8af663587eb34e7367473c,0001101111100011110101101001011011001111110101111111111110111100,256,256,3,0,,,ok,verify_per_image_metadata,dataset_metadata_required,rejected,license_review_required;no_face_detected;provenance_review_required
ffhq:00010.png,FFHQ,00010.png,C:\Users\USERAS\thesis_project\data\raw\FFHQ\00010.png,.png,111057,400fe8452ed9ece8527c6d4cfde20fb2afd778acdd7cd627fc9b1402727c54ba,8db99c587b8d5dcdf5f00d16185f98fe8d822fc378be830dd2263a17b9f57b66,0010101101111001111100011111000011100000111100001000011010110000,256,256,3,1,137,175,ok,verify_per_image_metadata,dataset_metadata_required,pending_review,license_review_required;provenance_review_required
ffhq:00011.png,FFHQ,00011.png,C:\Users\USERAS\thesis_project\data\raw\FFHQ\00011.png,.png,101449,6ea784aada06dc4f75d724cfd8ebd0aebde44eee144dd490bf8f50b861b2f7e0,5a3e8dc89193f3df1c28616802b883a221aa91b0ead194dcae6a4314d3bba9fc,0011011000001111001100100111001000101010000100111011011110010111,256,256,3,0,,,ok,verify_per_image_metadata,dataset_metadata_required,rejected,license_review_required;no_face_detected;provenance_review_required
ffhq:00012.png,FFHQ,00012.png,C:\Users\USERAS\thesis_project\data\raw\FFHQ\00012.png,.png,87855,d7d95d4a5f27a83b67145ecfb8f3a26859fae08af9db1ce9793d833b4d51567e,929979922010ca269b98912db50df7fcfd7e5eacf5867de6f504cc76225ed6d5,1000111010110011001100110011001100101011000010101001011001001110,256,256,3,1,126,195,ok,verify_per_image_metadata,dataset_metadata_required,pending_review,license_review_required;provenance_review_required
ffhq:00013.png,FFHQ,00013.png,C:\Users\USERAS\thesis_project\data\raw\FFHQ\00013.png,.png,110690,1b94aded1e5e5e1d625f3133fca7d23b42dd7084e79730431875b4719ad007f5,09639b71c0429cca17b64e968c680903a2323b6e1494fcad3379b622465abd0a,1000110000001110001010110101001100000001110011101010110010001110,256,256,3,1,135,177,ok,verify_per_image_metadata,dataset_metadata_required,pending_review,license_review_required;provenance_review_required
ffhq:00014.png,FFHQ,00014.png,C:\Users\USERAS\thesis_project\data\raw\FFHQ\00014.png,.png,114511,9acbfdfc4c67fed9ccf1fc52cff5408bdee7d8830ff4e373344aeda0c0dd3461,3a6e857b2538343f6aa4e50b267efbe592ca9afc61fdaf0005b6b458dd4b85c3,1001100100111111001100110101010100110001000010111001011010101100,256,256,3,2,140,169,ok,verify_per_image_metadata,dataset_metadata_required,rejected,face_count_not_one;license_review_required;provenance_review_required
ffhq:00015.png,FFHQ,00015.png,C:\Users\USERAS\thesis_project\data\raw\FFHQ\00015.png,.png,96336,3b3e43e99d5647ba5e32d5131f51a26a8a2f0dfa35499f932b0fef668a10be9d,cf056e170f5c0ba46d57e358f01f57c322b4f438e702023f10eda2da90536ace,1010101100101011001111011001010110111100101111011001100101111100,256,256,3,0,,,ok,verify_per_image_metadata,dataset_metadata_required,rejected,license_review_required;no_face_detected;provenance_review_required
ffhq:00016.png,FFHQ,00016.png,C:\Users\USERAS\thesis_project\data\raw\FFHQ\00016.png,.png,111700,34bb5ae98c7001f77f4b6b962becbde0d49e0f2ae1db40b243598d42b2ef77c1,b5e77b9953b38cdd5c9988eecd97a1f070d1948f064ee45bf69180985fa50462,1000110000110001001100110111001101101001011000010111000111110011,256,256,3,0,,,ok,verify_per_image_metadata,dataset_metadata_required,rejected,license_review_required;no_face_detected;provenance_review_required
ffhq:00017.png,FFHQ,00017.png,C:\Users\USERAS\thesis_project\data\raw\FFHQ\00017.png,.png,79969,f2b9af1e8792b97fc6f342cee7b58623f435e9603df60c736003300f468ed72d,06ea303b1698c26042f0d9d4cb91a706703c6f800a21b002ad6727889fb1c59f,1101111000011111011111110101011001110110010111100011111000011010,256,256,3,0,,,ok,verify_per_image_metadata,dataset_metadata_required,rejected,license_review_required;no_face_detected;provenance_review_required
ffhq:00018.png,FFHQ,00018.png,C:\Users\USERAS\thesis_project\data\raw\FFHQ\00018.png,.png,110475,277eb78df9b004f08014b4b18ffbd49b1089e6e40dd75c04a7709e3c614ef5f9,18ca8db9d7cefbe4ca1299eb873a2dab6ac43b87d3fb4f26715f7afde2b1e544,0111000111100000111100001011000011100000111100001111000011100001,256,256,3,0,,,ok,verify_per_image_metadata,dataset_metadata_required,rejected,license_review_required;no_face_detected;provenance_review_required
ffhq:00019.png,FFHQ,00019.png,C:\Users\USERAS\thesis_project\data\raw\FFHQ\00019.png,.png,100594,8e507003a229c57eff2e7aaa7ec697b923a177b91c76d92d97c354b061ce253a,fc4a1072a61a864a9aee490cfb9bec166059fddda2ced1a07377797caf2c0f3d,0001111001000010011000110101001111010111110001110110010001100001,256,256,3,0,,,ok,verify_per_image_metadata,dataset_metadata_required,rejected,license_review_required;no_face_detected;provenance_review_required
ffhq:00020.png,FFHQ,00020.png,C:\Users\USERAS\thesis_project\data\raw\FFHQ\00020.png,.png,111078,04cec0a46fe8e192d2c0b27e08e030d3501953ff17dfa04f702f94cd20b34f62,0f886419e27a94c86c81c194c08285832a05804d3f26569a4e460e78333dafe1,1101110111010100111100001101000011100000111000001011000010110011,256,256,3,1,134,175,ok,verify_per_image_metadata,dataset_metadata_required,pending_review,license_review_required;provenance_review_required
ffhq:00021.png,FFHQ,00021.png,C:\Users\USERAS\thesis_project\data\raw\FFHQ\00021.png,.png,101377,07faf5fefb8589e88f922b41816d88573c02a192356696f6206ab89afcd5a443,0b494b264a11674dc3379db7f2289862713ce77c1509c4f354d87a6d44c74e66,0001111100111001011110010011010101110100011111100011101000111010,256,256,3,0,,,ok,verify_per_image_metadata,dataset_metadata_required,rejected,license_review_required;no_face_detected;provenance_review_required
ffhq:00022.png,FFHQ,00022.png,C:\Users\USERAS\thesis_project\data\raw\FFHQ\00022.png,.png,119849,3355fe4eab895d1cd59121fe7f587a6cb5a074fd125e878807ab301d73a0c634,fe8ceba4818d6eefdd01ccac18477a565c84d052fb9ffec07e204e71d344aed6,1000111110110011101100011011010111110101101101001011000110011111,256,256,3,0,,,ok,verify_per_image_metadata,dataset_metadata_required,rejected,license_review_required;no_face_detected;provenance_review_required
ffhq:00023.png,FFHQ,00023.png,C:\Users\USERAS\thesis_project\data\raw\FFHQ\00023.png,.png,99824,000a6cbc57b074446571c72bb42f92aa7b2df3ec98e9ef507801399e530bfc8b,96b0b4141a567a5834f467a6a597dcc69678d83162a85f50f5e92be2c65053e8,1111111110000111101100111011001111101001110101011011001010110100,256,256,3,1,134,182,ok,verify_per_image_metadata,dataset_metadata_required,pending_review,license_review_required;provenance_review_required
ffhq:00024.png,FFHQ,00024.png,C:\Users\USERAS\thesis_project\data\raw\FFHQ\00024.png,.png,113916,d77efc0e79ba17ba9ae54d221d8477b067e51e72f36d10ba3f06459647ecd560,038fc68593cc0125c3e68b883fdb4705488f10d052cb166c47c5fce018dcd2ee,1100011111001100100110000001010001110110111110101101000010110001,256,256,3,0,,,ok,verify_per_image_metadata,dataset_metadata_required,rejected,license_review_required;no_face_detected;provenance_review_required
ffhq:00025.png,FFHQ,00025.png,C:\Users\USERAS\thesis_project\data\raw\FFHQ\00025.png,.png,117967,7b9b48cbed9e2d81c6b1b3ca17f74178043c2b0a632a808e6f9697ff925dc5d6,613c1b1f35f888d4c9ef8ee1695358b506d0caa9edc349cf6c7456b004e93089,1110011001000011111000111001011101010111010101010110000101001001,256,256,3,0,,,ok,verify_per_image_metadata,dataset_metadata_required,rejected,license_review_required;no_face_detected;provenance_review_required
ffhq:00026.png,FFHQ,00026.png,C:\Users\USERAS\thesis_project\data\raw\FFHQ\00026.png,.png,120606,bc9f6d00c6c3dd37071b88ad08c70ae6bbb9e3223f5ca52dc48760cc0992ae76,71dd7f76bd444a30970025021c96f27616dd6f8a11523d6af88458b45248f0b4,1110100110001010101100110111001101101001111011001010110010010101,256,256,3,1,141,156,ok,verify_per_image_metadata,dataset_metadata_required,pending_review,license_review_required;provenance_review_required
ffhq:00027.png,FFHQ,00027.png,C:\Users\USERAS\thesis_project\data\raw\FFHQ\00027.png,.png,115482,9061a22ba3c2ae09518190663d3debf8b4b2a5ce269713eb99fb8236cc37a2c0,d91cd796fb3424b4a2d813231e90c6df6eb196e2efbce765021c584d9ba3ff88,1001110111110001011110000111000111101011111011000111100110000001,256,256,3,1,17,30,ok,verify_per_image_metadata,dataset_metadata_required,rejected,face_below_size_threshold;license_review_required;provenance_review_required
ffhq:00028.png,FFHQ,00028.png,C:\Users\USERAS\thesis_project\data\raw\FFHQ\00028.png,.png,99053,3f89449ff45fd2ddd68b655456a7d81b574dfc27f25b0e0069e99a8f288cf0d3,faddc16c5131780a186b57bc48288e637f50a392f1495ec3ba21a4c0d269a1e2,0111100011111000111110000111010001111000001111000011100100111001,256,256,3,0,,,ok,verify_per_image_metadata,dataset_metadata_required,rejected,license_review_required;no_face_detected;provenance_review_required
ffhq:00029.png,FFHQ,00029.png,C:\Users\USERAS\thesis_project\data\raw\FFHQ\00029.png,.png,98045,bfa35cd11366654d7d3ff5c641b692eb345d06a3faeef1cbd2ff83fdbbb946de,eb754acda12ad7abfa40e8badcfd410ee1412a13b229f316ec862dd91331dc70,1100111110011011101100011011000111111000111110011011000000110000,256,256,3,0,,,ok,verify_per_image_metadata,dataset_metadata_required,rejected,license_review_required;no_face_detected;provenance_review_required
ffhq:00030.png,FFHQ,00030.png,C:\Users\USERAS\thesis_project\data\raw\FFHQ\00030.png,.png,96967,f3e5368e21d65dabe2fb21d8a15fc08722aa46a9fd0dfb29afaab17813a0db31,462fb3eb1a1dd2fa32ec711f89bd8267634cda679910bea1d08ee45479387cec,0111100011110001011100001111000011101000111111000111100000110000,256,256,3,0,,,ok,verify_per_image_metadata,dataset_metadata_required,rejected,license_review_required;no_face_detected;provenance_review_required
ffhq:00031.png,FFHQ,00031.png,C:\Users\USERAS\thesis_project\data\raw\FFHQ\00031.png,.png,94333,60d753d73423c2efbbdbae68eced50e377af372f947a3ed19ec3386e0023aaaf,eadc7e4c6089f6d6de094ad539b069da7550bf47dbe1f1535c2d1f93d2062ff9,0111000111110000110100001001000010001000100010001011100011011000,256,256,3,1,133,175,ok,verify_per_image_metadata,dataset_metadata_required,pending_review,license_review_required;provenance_review_required
ffhq:00032.png,FFHQ,00032.png,C:\Users\USERAS\thesis_project\data\raw\FFHQ\00032.png,.png,106302,9b24138005f81636ff947f0c196a5a2e00eaceccab584007a988e1cc70d57ab3,b18990bdd6872d718a1b7aba142d07fa0290f2fb8d68d55d22b0d68bfd00047a,1011110010111000101110001011000011111000111110001111100011110010,256,256,3,0,,,ok,verify_per_image_metadata,dataset_metadata_required,rejected,license_review_required;no_face_detected;provenance_review_required
ffhq:00033.png,FFHQ,00033.png,C:\Users\USERAS\thesis_project\data\raw\FFHQ\00033.png,.png,98405,2b233641a5545cd9f269e2162b7fe9cc11796722fb17c6fd967d516aa79ba2f4,14abfb8dfb090cc37de95b2af1fed03f73bbb06c2254440cbab244e6b30315eb,1110101111100011110100011001000111010001110100001100000011110000,256,256,3,0,,,ok,verify_per_image_metadata,dataset_metadata_required,rejected,license_review_required;no_face_detected;provenance_review_required
ffhq:00034.png,FFHQ,00034.png,C:\Users\USERAS\thesis_project\data\raw\FFHQ\00034.png,.png,90271,cb2e0fafc8463b33d318cd3437a8236827163a9788f4903376c80cc25af83cdb,4c1ea179e49a9a5b18cf7011f890e28d64d225ddbd8f59f4f93a6795f695cb87,1111110011111000111110000111010101110101011100000011100010110010,256,256,3,0,,,ok,verify_per_image_metadata,dataset_metadata_required,rejected,license_review_required;no_face_detected;provenance_review_required
ffhq:00035.png,FFHQ,00035.png,C:\Users\USERAS\thesis_project\data\raw\FFHQ\00035.png,.png,87702,23c2bb5abca6006c5bc1714beb675bb5e4027bc0753d230a6190681390bb0a45,780bd89d0ff6fe52919c07516dc1ebcbbc8a75e18aa7757cf7459d523888ab82,0110010111101000100010001000110000000101110011001100100111100011,256,256,3,0,,,ok,verify_per_image_metadata,dataset_metadata_required,rejected,license_review_required;no_face_detected;provenance_review_required
ffhq:00036.png,FFHQ,00036.png,C:\Users\USERAS\thesis_project\data\raw\FFHQ\00036.png,.png,114971,ce5cec870b7e8780992141ab3aad920d318070c983fa8ce38300f2bdf34be909,c5334e990a278a74837d41207da9dff722553d56411b294357b3a44038295f72,1010000010000100101100011101000111101001010100000101010101100101,256,256,3,0,,,ok,verify_per_image_metadata,dataset_metadata_required,rejected,license_review_required;no_face_detected;provenance_review_required
ffhq:00037.png,FFHQ,00037.png,C:\Users\USERAS\thesis_project\data\raw\FFHQ\00037.png,.png,100870,2a0430269211ff8e6356b052368b97387d2d7fd15bea2b635631d69c49666587,c5faddf8d372433628bf21711182cc603615c737bd48f28ee26332618650a6df,1000111000110011001100110011001100111011101100110011001100110001,256,256,3,0,,,ok,verify_per_image_metadata,dataset_metadata_required,rejected,license_review_required;no_face_detected;provenance_review_required
ffhq:00038.png,FFHQ,00038.png,C:\Users\USERAS\thesis_project\data\raw\FFHQ\00038.png,.png,102981,a8ec3ab14a2535b91bfcdfe6c7bf81170db40670007eeee1a2dd29fd2436bfde,cfa0ee86c4d4e346e6c2e12173a0e33dcf7e46ccc69ac863fa88c1f0bd260e49,1000001100110001011100111101000111001001100011011100100111110001,256,256,3,0,,,ok,verify_per_image_metadata,dataset_metadata_required,rejected,license_review_required;no_face_detected;provenance_review_required
ffhq:00039.png,FFHQ,00039.png,C:\Users\USERAS\thesis_project\data\raw\FFHQ\00039.png,.png,107009,ce30f7f4d7a3b1cab04e43a344d6a59e25a8cabe6feee2f1f32cef11b883d618,048907cf558450a9ef72f8022f2672c47dfe549c43674c5ea1b7a8a69582c508,1111000111100000111100011001000110110001000010010010000001100100,256,256,3,0,,,ok,verify_per_image_metadata,dataset_metadata_required,rejected,license_review_required;no_face_detected;provenance_review_required
ffhq:00040.png,FFHQ,00040.png,C:\Users\USERAS\thesis_project\data\raw\FFHQ\00040.png,.png,115643,e7ab251aed683dff2b082d046ee1afa5fe63954a7b65755a36e60ceda9d122da,76aebd65becd107995a641662a9ace7a47d33f3a543ab209721d59e2aef9c863,1000010100110011011100010101010101101001011010011010101110101011,256,256,3,0,,,ok,verify_per_image_metadata,dataset_metadata_required,rejected,license_review_required;no_face_detected;provenance_review_required
ffhq:00041.png,FFHQ,00041.png,C:\Users\USERAS\thesis_project\data\raw\FFHQ\00041.png,.png,105835,40993c7f4ae4ff16dd9f188af40a9183a6b404d140fafbd3c81fafa897129e46,f93aac99ebdf5b16484456793b33414557e04358c5be4b1faca55ea54969707f,1110010110100001111000011101000111000110111001101100001011000010,256,256,3,1,132,177,ok,verify_per_image_metadata,dataset_metadata_required,pending_review,license_review_required;provenance_review_required
ffhq:00042.png,FFHQ,00042.png,C:\Users\USERAS\thesis_project\data\raw\FFHQ\00042.png,.png,101977,b7689146b4cb73775dd7861cd65c791e1c92c49c8dcda07ad4e83643673f9479,02500017a5286f70cd5fe39935ad3f958621bfd71ebec311497d621d0205e1d4,1100111110100011011000110001001111000011000001110010011110000111,256,256,3,0,,,ok,verify_per_image_metadata,dataset_metadata_required,rejected,license_review_required;no_face_detected;provenance_review_required
ffhq:00043.png,FFHQ,00043.png,C:\Users\USERAS\thesis_project\data\raw\FFHQ\00043.png,.png,107237,1d85dbbc21ebc00d8f1ed8116a05b0b00ff8fb491ed4cdfa1070d715c8b5ab06,fb0e482d4304fcf3e0ae88b15c5070dd30791e1712b2a5f25dad96901f24bd7c,1001111011101011011010011101000111100001111000011110000110100101,256,256,3,0,,,ok,verify_per_image_metadata,dataset_metadata_required,rejected,license_review_required;no_face_detected;provenance_review_required
ffhq:00044.png,FFHQ,00044.png,C:\Users\USERAS\thesis_project\data\raw\FFHQ\00044.png,.png,105515,c678fe4ff08679bc9fb0bcdf7dc2ccbef631a14d160784d5ca55b6463ebdc684,433a32eda01a5a62326043f333be30353cf5f11ce3654247d68fe12375aee4bd,1111110111111011111101111111001111101011111000011111000111010001,256,256,3,1,123,167,ok,verify_per_image_metadata,dataset_metadata_required,pending_review,license_review_required;provenance_review_required
ffhq:00045.png,FFHQ,00045.png,C:\Users\USERAS\thesis_project\data\raw\FFHQ\00045.png,.png,101251,f9414c0e4830717892e693e78690f61a2705381ce9013ce2870ed37e4c090d1b,51efd5f84324fdae1f5bf596c5fae55f4ccd921071bdf1c24be3e638baeed509,1010010001111000010110000101010101011100010111000001100010111000,256,256,3,0,,,ok,verify_per_image_metadata,dataset_metadata_required,rejected,license_review_required;no_face_detected;provenance_review_required
ffhq:00046.png,FFHQ,00046.png,C:\Users\USERAS\thesis_project\data\raw\FFHQ\00046.png,.png,103894,32f6c975d70583243a6a7db0566e74d78f67f85d64f1076f4b5aa0dc1322b335,d8f0abd5c84cda5fbecffb4d49237fd951c5b94840f185332f1f9a1eff432f83,0011111100011001100110110001011110010100100000111000001000000100,256,256,3,1,63,101,ok,verify_per_image_metadata,dataset_metadata_required,rejected,face_below_size_threshold;license_review_required;provenance_review_required
ffhq:00047.png,FFHQ,00047.png,C:\Users\USERAS\thesis_project\data\raw\FFHQ\00047.png,.png,120348,ee0fac836f3d800e9b20c7648aea316b1150db9462f99f3a2ec1262294694b8e,ec9a9a2b3fa86deaa6a399511bdac92d2cc0f008db846cd6852b5cc7cd27d2b8,0000110100110010101100001011000000101000011100000011001010110001,256,256,3,0,,,ok,verify_per_image_metadata,dataset_metadata_required,rejected,license_review_required;no_face_detected;provenance_review_required
ffhq:00048.png,FFHQ,00048.png,C:\Users\USERAS\thesis_project\data\raw\FFHQ\00048.png,.png,97393,4e7de97a0838ba3cf5b28c52af3bc881839e6ecd8a9a5d1c0f33df9c0f544020,cd95234a7483927a1f6af7cb9379f53d8e660a9e8908deb444dfabf4a34cc750,0001011001110011011100110001011100010111000011111110111110111111,256,256,3,0,,,ok,verify_per_image_metadata,dataset_metadata_required,rejected,license_review_required;no_face_detected;provenance_review_required
ffhq:00049.png,FFHQ,00049.png,C:\Users\USERAS\thesis_project\data\raw\FFHQ\00049.png,.png,104229,e8afb8f7ce51f39d2b32165044a3d3cb80dcdca4a2bec8c10e932af8fa513fd4,b8db298441e3d77720347361a38fef351b799a7856b4609b36e53b6cc88be6e8,1110011110000111001100110011000101111101001111001011100100011001,256,256,3,1,31,38,ok,verify_per_image_metadata,dataset_metadata_required,rejected,face_below_size_threshold;license_review_required;provenance_review_required
ffhq:00050.png,FFHQ,00050.png,C:\Users\USERAS\thesis_project\data\raw\FFHQ\00050.png,.png,103931,b90bf485004a3aad51e20544c0ea40d1e4648319d421b7ace26b7ea2c1162b23,300070a350034814ff7ca667d2cf945388b4779172093722f54bd64c6c68705b,1001011010010011011100010011000010101000011010011111011111100110,256,256,3,1,140,171,ok,verify_per_image_metadata,dataset_metadata_required,pending_review,license_review_required;provenance_review_required
ffhq:00051.png,FFHQ,00051.png,C:\Users\USERAS\thesis_project\data\raw\FFHQ\00051.png,.png,89802,51f7896d9018f9f54405a250e0b1c44a15f405bd2e58a921e50f76676c7592ab,2f464e7a18f68147575b8fd5add3c093eed716cc4e38f152a728284bc1c72ef7,0111000101111000001001010011010000110101010110011100101110000111,256,256,3,0,,,ok,verify_per_image_metadata,dataset_metadata_required,rejected,license_review_required;no_face_detected;provenance_review_required
ffhq:00052.png,FFHQ,00052.png,C:\Users\USERAS\thesis_project\data\raw\FFHQ\00052.png,.png,114028,03f1165914ba421971042561f183deed96423b4e0b4ac155b8ce3ced9d73f093,10b657958b98ec59af6cf9419a0f4a335a104f0d6668288b1c7a45a6a964f6c6,1001010000110011111100011111001010110000011000001011001011000010,256,256,3,0,,,ok,verify_per_image_metadata,dataset_metadata_required,rejected,license_review_required;no_face_detected;provenance_review_required
ffhq:00053.png,FFHQ,00053.png,C:\Users\USERAS\thesis_project\data\raw\FFHQ\00053.png,.png,114721,868054e7b480fb57535701f10bbde2770ffe3585ca6841168c699b4f8f709113,74de46b6444aefe105d39b00ba558d37a39ad5acdd90ee8428bb1571ffd625c0,1001101111001111011110010111010101110010011010101011011111000110,256,256,3,0,,,ok,verify_per_image_metadata,dataset_metadata_required,rejected,license_review_required;no_face_detected;provenance_review_required
ffhq:00054.png,FFHQ,00054.png,C:\Users\USERAS\thesis_project\data\raw\FFHQ\00054.png,.png,88969,db820ebfbe1414b22cd721f43e090a20a26eded35a5d492f6501035dd69bdd86,eb96495c4f32b60c543d71e9ee130c26b697ae9f13a270614d6c66a3a0c2052f,0000111100110011011000010101011100000111000001110011011100001011,256,256,3,1,138,173,ok,verify_per_image_metadata,dataset_metadata_required,pending_review,license_review_required;provenance_review_required
ffhq:00055.png,FFHQ,00055.png,C:\Users\USERAS\thesis_project\data\raw\FFHQ\00055.png,.png,83457,c3c31170644d2d02f2b746c900970105044b84e5c5678d3ef91ff71370b2b624,856a429baa0db30303d330ed59d28762c86f72cd4b367f64b98c4fb68d072137,1101111110100111101001110111001101110001011010010111000101110011,256,256,3,1,133,171,ok,verify_per_image_metadata,dataset_metadata_required,pending_review,license_review_required;provenance_review_required
ffhq:00056.png,FFHQ,00056.png,C:\Users\USERAS\thesis_project\data\raw\FFHQ\00056.png,.png,95477,6e9650cf6eb6eb2c8c5e7bad6b91fb8f8ed8699edc8e0bd95452bee86352488c,9ff2173f7aa9c2597828393081b0b89a9bb4b54801ec342fcd22b5f90501f2ce,0001111000011100010111000001010001011100100111001001100010011001,256,256,3,0,,,ok,verify_per_image_metadata,dataset_metadata_required,rejected,license_review_required;no_face_detected;provenance_review_required
ffhq:00057.png,FFHQ,00057.png,C:\Users\USERAS\thesis_project\data\raw\FFHQ\00057.png,.png,112530,962aed9d5fff40a8b1647fcaba5b1b0f6ff4c7fbd5b39d021ed27e5f112f3e4b,7635a06d278c467380404777d08333af3923a9af892bcd42416b04e62dd0cbbe,1100111011100111111000011101011111000111110001111111001010000111,256,256,3,0,,,ok,verify_per_image_metadata,dataset_metadata_required,rejected,license_review_required;no_face_detected;provenance_review_required
ffhq:00058.png,FFHQ,00058.png,C:\Users\USERAS\thesis_project\data\raw\FFHQ\00058.png,.png,94550,0002ff81227efd13d56421843ab463e286dabf99ad41d082dadf2d33128517a0,f3a8b2702c562c1cf6f8a9056b5915e25492388cb7c8f668d8c4a4408aedf171,0001110001111000011110000101001101101000011010000011000001010100,256,256,3,0,,,ok,verify_per_image_metadata,dataset_metadata_required,rejected,license_review_required;no_face_detected;provenance_review_required
ffhq:00059.png,FFHQ,00059.png,C:\Users\USERAS\thesis_project\data\raw\FFHQ\00059.png,.png,109267,435cec7b62942767c00482c39a07aca5b907c3d1c1139bbdb8c973dcdf134be5,dd012e3ba92c075d0b3bf16e9e3798bfd443b56029b95da3e96a83e7c0be25b0,1000111100011111001110110001010101110101011111010011100100111011,256,256,3,0,,,ok,verify_per_image_metadata,dataset_metadata_required,rejected,license_review_required;no_face_detected;provenance_review_required
ffhq:00060.png,FFHQ,00060.png,C:\Users\USERAS\thesis_project\data\raw\FFHQ\00060.png,.png,87117,d6fb7a2830481f9aef66b27bdee57562d33ce7da0a4656fffbda2be8c7f34810,dbe4e220f1c3bb643474f71ae1ce7a65ca3e111ffa78aa7cb3ca9bc8b4c12a83,1000101111000011111100111000001100110010011100111011011111000111,256,256,3,0,,,ok,verify_per_image_metadata,dataset_metadata_required,rejected,license_review_required;no_face_detected;provenance_review_required
ffhq:00061.png,FFHQ,00061.png,C:\Users\USERAS\thesis_project\data\raw\FFHQ\00061.png,.png,103868,fe998c347a703af7477f9a0f3f86a804f2f074434cc9c6319274a959efd23dc6,ca59cd96d6d41425e693d9b23ee7f52605d772b8113e3b9782f38e6938260bd2,0100000000111100011011001101110011001100110001011100110101111100,256,256,3,0,,,ok,verify_per_image_metadata,dataset_metadata_required,rejected,license_review_required;no_face_detected;provenance_review_required
ffhq:00062.png,FFHQ,00062.png,C:\Users\USERAS\thesis_project\data\raw\FFHQ\00062.png,.png,112203,3f9a90145fca8561499341a0c57d5a761af43d84603b9ab37a6cec86c0a83f1c,cc816a970269f54b07db8510e99e611cef05ae4967108402966c8a9f73abd27c,0011000001101110011100100111010001100000001010000111100001010100,256,256,3,1,123,185,ok,verify_per_image_metadata,dataset_metadata_required,pending_review,license_review_required;provenance_review_required
ffhq:00063.png,FFHQ,00063.png,C:\Users\USERAS\thesis_project\data\raw\FFHQ\00063.png,.png,101548,5834b31a5effe1fb3b100839eaab64f010e937c36061b69fc35fc1890b21270c,86675d8f7849cac36c40b1ea552eaaddbed28e735c005ad349c9dd3c49f06d87,1001000010011000010110000101100111011001100110001000100100111010,256,256,3,1,119,207,ok,verify_per_image_metadata,dataset_metadata_required,pending_review,license_review_required;provenance_review_required
ffhq:00064.png,FFHQ,00064.png,C:\Users\USERAS\thesis_project\data\raw\FFHQ\00064.png,.png,72742,0ad6cf2da74fbe321e9e1e9478eee63fdcacd4fa16b3efa6fe000f5d5b9d6f8b,a80010ad53806c9c5a50b4e836700d821877f5690342a5d07adbfdadc8710e3a,1001011100110011001100110011001100101011001010111001011110010011,256,256,3,0,,,ok,verify_per_image_metadata,dataset_metadata_required,rejected,license_review_required;no_face_detected;provenance_review_required
ffhq:00065.png,FFHQ,00065.png,C:\Users\USERAS\thesis_project\data\raw\FFHQ\00065.png,.png,106810,a02bb398dc1fe40d20c0fb8b8a5864315d2f86831dac814ed51b411de0e692b3,8427542c0ad28bbbdbc047e25ff98d1b57edd430e7d2a9f1e2e2da73769779db,0010111101100011011000110101011101000000110000011010000110010000,256,256,3,0,,,ok,verify_per_image_metadata,dataset_metadata_required,rejected,license_review_required;no_face_detected;provenance_review_required
ffhq:00066.png,FFHQ,00066.png,C:\Users\USERAS\thesis_project\data\raw\FFHQ\00066.png,.png,103581,a901d88f572f0e149e4970f7c273cdb76f3b53be352ecc8b6c3416d3274aeeaf,bca2426ec9081af55d41a2b0fdb6ac4ff565a0e7cdc56a31e714e3605681e00d,0000011100001011001110010111100101101001011000010111001101100011,256,256,3,0,,,ok,verify_per_image_metadata,dataset_metadata_required,rejected,license_review_required;no_face_detected;provenance_review_required
ffhq:00067.png,FFHQ,00067.png,C:\Users\USERAS\thesis_project\data\raw\FFHQ\00067.png,.png,102734,1c8b5f52d328762a034b4e6a7ad0858cecb9bf3ae2d6f9ca045f8aa5d0216f60,a256647aab9d658df50d62ecbb0403b1040c780845b63dad53d47b7b63f469a9,0110000011110010001100100111011001110000011100100111001000110100,256,256,3,0,,,ok,verify_per_image_metadata,dataset_metadata_required,rejected,license_review_required;no_face_detected;provenance_review_required
ffhq:00068.png,FFHQ,00068.png,C:\Users\USERAS\thesis_project\data\raw\FFHQ\00068.png,.png,101638,3931760e2d3ad3bc8518ff1598aab1c3081a37adffc5c44e73efe6a60aa57c4f,599c79fc5ff35122fb02f1cf6eb56feffbc16dcfbfaea869bbabdbb015c50811,1011011000010100001111100001010101101001101010011001111110011001,256,256,3,1,131,172,ok,verify_per_image_metadata,dataset_metadata_required,pending_review,license_review_required;provenance_review_required
ffhq:00069.png,FFHQ,00069.png,C:\Users\USERAS\thesis_project\data\raw\FFHQ\00069.png,.png,108295,8c593b8b700163ed93e8efa7be06d6f9d90f7c35620af2fbc41eadde25ace444,65cea9ac40a900b9e016130a62c81ef3255727f8409ad59e10d5d97d796b49dd,0000111000101011001100110011001100001011001010000011100001101100,256,256,3,0,,,ok,verify_per_image_metadata,dataset_metadata_required,rejected,license_review_required;no_face_detected;provenance_review_required
ffhq:00070.png,FFHQ,00070.png,C:\Users\USERAS\thesis_project\data\raw\FFHQ\00070.png,.png,101254,3b8021bd7276c8299cb359e34bc945672bd419cd4b0f9bcf29e898beb98b712c,cbc8565039a03957e765b100f68ab8c5b6580ac4121e8266fa5677c7c1ecc1f2,0001110000010110001100000011010001101000100010001100110011001000,256,256,3,0,,,ok,verify_per_image_metadata,dataset_metadata_required,rejected,license_review_required;no_face_detected;provenance_review_required
ffhq:00071.png,FFHQ,00071.png,C:\Users\USERAS\thesis_project\data\raw\FFHQ\00071.png,.png,110111,9040f1cfabeca084ead606fa745e2ed438501c80ce9b9d32f32725ea274f463a,4e191c6145ef58d002c2856e0bbbb515b73a7e10f8bb3ae7573ce38bdaa2c365,0001110000110101011100010111000001111000011100000011001100011011,256,256,3,1,131,181,ok,verify_per_image_metadata,dataset_metadata_required,pending_review,license_review_required;provenance_review_required
ffhq:00072.png,FFHQ,00072.png,C:\Users\USERAS\thesis_project\data\raw\FFHQ\00072.png,.png,102220,dbf2214dcc22500cd9c7100415152ec34041d1949a8e6943b79ae5a7e3c6b50f,b4b1e509497ac7acfcfd0e10c09196fcb3272cbcd8f63f1a2590dfadded1e541,0001011101100011011100010101011001100010011010110111001101100011,256,256,3,0,,,ok,verify_per_image_metadata,dataset_metadata_required,rejected,license_review_required;no_face_detected;provenance_review_required
ffhq:00073.png,FFHQ,00073.png,C:\Users\USERAS\thesis_project\data\raw\FFHQ\00073.png,.png,104998,e4a82c906470eb89b3428076998531fc1d8508ea465036aeb84a883575a99592,70363e5c70bd31d9778bbec688e288a268a1787d5d6f6b9b6b9bcc4cb90fb77d,1011111100100110001110110101010111010001010100111111001110010011,256,256,3,1,140,167,ok,verify_per_image_metadata,dataset_metadata_required,pending_review,license_review_required;provenance_review_required
ffhq:00074.png,FFHQ,00074.png,C:\Users\USERAS\thesis_project\data\raw\FFHQ\00074.png,.png,113760,9a71a816fb3d41f8e74609d94c36f1300572db54026199f2cd9814a2eabf176f,06a173722ddb911644e86a6136bf5244d0f43a9f608f47609cdc4720fd336fc5,1001011110011101001111000011010000010100010101000101110000111110,256,256,3,0,,,ok,verify_per_image_metadata,dataset_metadata_required,rejected,license_review_required;no_face_detected;provenance_review_required
ffhq:00075.png,FFHQ,00075.png,C:\Users\USERAS\thesis_project\data\raw\FFHQ\00075.png,.png,100395,b8d2e4266cb3862dc83695dc4a822597c6acf1578849cbbea528d4a9085fac39,1e17d9cf604c28c1ab8d9b1ac55509a17ea4d883b58f3d5e60f3875bf577846c,1001101111101100011100001111000111101001111010011111100111011100,256,256,3,0,,,ok,verify_per_image_metadata,dataset_metadata_required,rejected,license_review_required;no_face_detected;provenance_review_required
ffhq:00076.png,FFHQ,00076.png,C:\Users\USERAS\thesis_project\data\raw\FFHQ\00076.png,.png,100114,2d1a69f4a13f8a71989263ae390f144891fdc57c4a1e94391ade56187fcb2da5,7d5fde871b738ce4a90bd586cc9681aa2c808b7d1e4d397c4c4b69298681946a,1000011001110011111111011001011000110110001111000011110110011011,256,256,3,0,,,ok,verify_per_image_metadata,dataset_metadata_required,rejected,license_review_required;no_face_detected;provenance_review_required
ffhq:00077.png,FFHQ,00077.png,C:\Users\USERAS\thesis_project\data\raw\FFHQ\00077.png,.png,98031,8e47d243b1b862d061caa55072490eecc9f05cbe9e8824bc4fe297e220f2d325,0391865d24ef396f5fd6dcc5c53b501c0908d2c1ea990d3f57a6446e1834e9ef,1010111100111011011100010111000111110000111000001110000111100001,256,256,3,1,128,182,ok,verify_per_image_metadata,dataset_metadata_required,pending_review,license_review_required;provenance_review_required
ffhq:00078.png,FFHQ,00078.png,C:\Users\USERAS\thesis_project\data\raw\FFHQ\00078.png,.png,109016,ce6c6e2a79cc3f6d5d4fa0da4e7f1404b39613d439470dffc86756ffdbe619f7,2f3b2701013813b2b79e2d2d101820f5caab39e996c43596fd226255aea82194,1111100011111000111110001011011010110110111111001111101011111110,256,256,3,0,,,ok,verify_per_image_metadata,dataset_metadata_required,rejected,license_review_required;no_face_detected;provenance_review_required
ffhq:00079.png,FFHQ,00079.png,C:\Users\USERAS\thesis_project\data\raw\FFHQ\00079.png,.png,110589,f7e2c977de92e707f4ac81ca1c5754c169deca04b6f71257c85ccee8b0d3dbde,4938423a06e2f4c361d6b76e120c073d1f4db53ee83ecbb9ded622729104b740,1111000011101100111110001011010111111000111111001110100010111001,256,256,3,0,,,ok,verify_per_image_metadata,dataset_metadata_required,rejected,license_review_required;no_face_detected;provenance_review_required
ffhq:00080.png,FFHQ,00080.png,C:\Users\USERAS\thesis_project\data\raw\FFHQ\00080.png,.png,98937,d78608169368ee0fb9bcffaf15d89929621e0b1519f9775ab1b77cae36c19fea,f5f5baec4dd010ab252a524efaaeee71f3ff0d27a9b3e408ea15f47e6e6da7f0,1101101011100110011100001101001011100000111000001110000011010100,256,256,3,0,,,ok,verify_per_image_metadata,dataset_metadata_required,rejected,license_review_required;no_face_detected;provenance_review_required
ffhq:00081.png,FFHQ,00081.png,C:\Users\USERAS\thesis_project\data\raw\FFHQ\00081.png,.png,83901,8aee73713b7b0f435abe58c8a28f166553194ed9bf6ddcbc70ed496031682bd4,e33ac7c2e0a800ba689838b5c4fca6b3e86e0e0614b22170fc75c0775101cf57,1000111100100011001000110001001100110001000101111001101100111001,256,256,3,0,,,ok,verify_per_image_metadata,dataset_metadata_required,rejected,license_review_required;no_face_detected;provenance_review_required
ffhq:00082.png,FFHQ,00082.png,C:\Users\USERAS\thesis_project\data\raw\FFHQ\00082.png,.png,102239,b6f2f65fdafea27b148394bc06b8bca5ec9ec1d2d8ab1f9bbe804a474c7e540f,92de788085a0760c7b9025ed1bbc655a4fb331607a1c71212dff87c1ae612a0e,1000010100110011001100010001000100100001010011010011000101100101,256,256,3,0,,,ok,verify_per_image_metadata,dataset_metadata_required,rejected,license_review_required;no_face_detected;provenance_review_required
ffhq:00083.png,FFHQ,00083.png,C:\Users\USERAS\thesis_project\data\raw\FFHQ\00083.png,.png,101562,c7413e488001f83ddb775cb003767bfbe8469d63242d1569c93cd3337895a665,8c98030506da34f04a21a8be7e376de1d55baa6cf0d82eddc0922df4124b5c07,0010001100111011001110010011111110110111100110011001110000011110,256,256,3,1,141,178,ok,verify_per_image_metadata,dataset_metadata_required,pending_review,license_review_required;provenance_review_required
ffhq:00084.png,FFHQ,00084.png,C:\Users\USERAS\thesis_project\data\raw\FFHQ\00084.png,.png,106591,7c04f4a5e294ff105ca56e430a79e1ba51e902c561d40b852a08eecb39c83e75,5018e22e15d5817342e01012e81093ef9d3b7ea54949c40b92016fb4450b7da0,1101001110111001101101000001000001101000011010100110001001001100,256,256,3,1,139,180,ok,verify_per_image_metadata,dataset_metadata_required,pending_review,license_review_required;provenance_review_required
ffhq:00085.png,FFHQ,00085.png,C:\Users\USERAS\thesis_project\data\raw\FFHQ\00085.png,.png,109016,23b9dcb374a8b70c85cb1e846c28382d027d713653087224d57ee8a40cdf75e6,dfa7e5763d9ad707a76e75f4df1a2f202faba167740f4f0cf253d8c193215d2f,1100110010110100100101110101011111110011110011111101111011101111,256,256,3,0,,,ok,verify_per_image_metadata,dataset_metadata_required,rejected,license_review_required;no_face_detected;provenance_review_required
ffhq:00086.png,FFHQ,00086.png,C:\Users\USERAS\thesis_project\data\raw\FFHQ\00086.png,.png,82997,a5170759009103ec3f6a53429907f447805e93535a7ed5858730f922cd039a80,d12ac88a6aaddc88203a49bdfc4f033111f06a413a09e8706d627844ec67beb7,1000111100110011001100110011010100101001100101111001111101001110,256,256,3,1,135,189,ok,verify_per_image_metadata,dataset_metadata_required,pending_review,license_review_required;provenance_review_required
ffhq:00087.png,FFHQ,00087.png,C:\Users\USERAS\thesis_project\data\raw\FFHQ\00087.png,.png,124730,0f5155c67ae3a234f513ad437c8f717a964a920b15da637830efca1225110cbf,3eb51c3edd6afea7dd67ad1ba19f57196955027179b2fbeaa60789bddb1b38a5,1110111111111101101110000011010101110101001111011011100110011001,256,256,3,0,,,ok,verify_per_image_metadata,dataset_metadata_required,rejected,license_review_required;no_face_detected;provenance_review_required
ffhq:00088.png,FFHQ,00088.png,C:\Users\USERAS\thesis_project\data\raw\FFHQ\00088.png,.png,101315,4a47365e780a1be6f6a15740842a2fe54e791d39d90a38c6d4114ed337386f44,3b2cc7fc6c6ae44b74ca7fddc1feb2c24318dff4a32049cb33731627ebce4f8b,0011110000001101000011011001010110010001000110010000100010000000,256,256,3,0,,,ok,verify_per_image_metadata,dataset_metadata_required,rejected,license_review_required;no_face_detected;provenance_review_required
ffhq:00089.png,FFHQ,00089.png,C:\Users\USERAS\thesis_project\data\raw\FFHQ\00089.png,.png,96572,7f72ba81ca6932e12484e792a8d5de556bc06663f23c61ccff895e618ec5e01b,96993a0a1a3d908b1f3079ea3deeba478ade2d4c1e7bf7f5950faa16369ab9ad,1010011011001001000100011011010010101000101010000011100010011000,256,256,3,0,,,ok,verify_per_image_metadata,dataset_metadata_required,rejected,license_review_required;no_face_detected;provenance_review_required
ffhq:00090.png,FFHQ,00090.png,C:\Users\USERAS\thesis_project\data\raw\FFHQ\00090.png,.png,107604,5851b6fcf4cb641eef78d1c0a0d2e44ed5306da8703cdf851e2ec638e7a77ff0,c774aa84c187e0587874a6d2d11f44a7fd482205933f2a9eed416d5874c5a6a8,1000101110001101000111011001010010010100100101011001100100011100,256,256,3,1,143,176,ok,verify_per_image_metadata,dataset_metadata_required,pending_review,license_review_required;provenance_review_required
ffhq:00091.png,FFHQ,00091.png,C:\Users\USERAS\thesis_project\data\raw\FFHQ\00091.png,.png,109818,15b2c7296a92b362c1f5abb5f5cf06969a4c59ebb5fccbc05847db593736d39b,3b61b303d48e68ee9a422856de15e8d55aab52e842328ed30df1dbaac4455c40,1001110110110000011110000011010000110100001101000011100000110110,256,256,3,0,,,ok,verify_per_image_metadata,dataset_metadata_required,rejected,license_review_required;no_face_detected;provenance_review_required
ffhq:00092.png,FFHQ,00092.png,C:\Users\USERAS\thesis_project\data\raw\FFHQ\00092.png,.png,117660,e36ba3cb6c3e44d1e25c8f127d6978bb6ee9902ac9ace0691f1fa25bc5526f09,4ea73658e919218183bf9e7063145250730cd3f8ca21082e0c06352d170fe985,1001011110011101101111001011011100010110000101000011101100111000,256,256,3,1,17,29,ok,verify_per_image_metadata,dataset_metadata_required,rejected,face_below_size_threshold;license_review_required;provenance_review_required
ffhq:00093.png,FFHQ,00093.png,C:\Users\USERAS\thesis_project\data\raw\FFHQ\00093.png,.png,107107,015e33e508914ecd681b8f211757440790f4eca5489836bc3a95b041bc717ce1,923b8eacd0f91a3c7c3b541cbaf02aa2e49e48d53928ccbbbea4b00f2f73aefa,0000111100100111001110110011001101110001011011000110100100101001,256,256,3,0,,,ok,verify_per_image_metadata,dataset_metadata_required,rejected,license_review_required;no_face_detected;provenance_review_required
ffhq:00094.png,FFHQ,00094.png,C:\Users\USERAS\thesis_project\data\raw\FFHQ\00094.png,.png,105242,7a91fb10f8fb2cf5b0cd3b7490eea439a0d5714ecadfd341aa959ec6a1223eef,be28fc1f59bc11a0a7900d4f4dbc923391ddfe1a6ee8a7952441ddb34f371965,1101101111111101111010011101010111110101110100101011001010110110,256,256,3,0,,,ok,verify_per_image_metadata,dataset_metadata_required,rejected,license_review_required;no_face_detected;provenance_review_required
ffhq:00095.png,FFHQ,00095.png,C:\Users\USERAS\thesis_project\data\raw\FFHQ\00095.png,.png,105637,7cf35956d6f3680e144df68fd9dce83f753bfe34d603e451b87a6744792ebeb8,7f8c5e3aff30b44b6cf2457b2bea25cdbe138732aa244b2ca43e6de189ce9d52,1101010101100101011000100111001101110001010110110111001100110111,256,256,3,1,140,169,ok,verify_per_image_metadata,dataset_metadata_required,pending_review,license_review_required;provenance_review_required
ffhq:00096.png,FFHQ,00096.png,C:\Users\USERAS\thesis_project\data\raw\FFHQ\00096.png,.png,96584,75394d3c636340f178e8a779f042db7f6990940891de6a8d97bb05f31230929d,9445c922c5013c692db259d7fb300b45cf5ccf21737ee51ae5f8863e3c31d0a9,1010110010111001001110101011001011110000111100101110001001001010,256,256,3,1,139,186,ok,verify_per_image_metadata,dataset_metadata_required,pending_review,license_review_required;provenance_review_required
ffhq:00097.png,FFHQ,00097.png,C:\Users\USERAS\thesis_project\data\raw\FFHQ\00097.png,.png,111792,da79a431001838ac13439d6c06f01468228ce70d230d00bd505c7b2d83dc06ce,bb8adb67c2010ab73351d21d7f5ed436a665147bc2e97b4c6beaf5231f1406c9,1100110111101100111100001111000111101001111010011110001111100011,256,256,3,0,,,ok,verify_per_image_metadata,dataset_metadata_required,rejected,license_review_required;no_face_detected;provenance_review_required
ffhq:00098.png,FFHQ,00098.png,C:\Users\USERAS\thesis_project\data\raw\FFHQ\00098.png,.png,99896,5c2b70b017185d474a88e6d31efd3b0e9582033d2312fc5a83aee3750c58acf0,982a3c5e64726856957acd5396e5e83c5cffb407bfe053e98c7c2e4b1edd53e6,0011001100010111011100110101000101011001010011010011101100011011,256,256,3,0,,,ok,verify_per_image_metadata,dataset_metadata_required,rejected,license_review_required;no_face_detected;provenance_review_required
ffhq:00099.png,FFHQ,00099.png,C:\Users\USERAS\thesis_project\data\raw\FFHQ\00099.png,.png,107912,19dab90220eebfa553a79deb3860e1c19034991dbbbe28228fbcd67d077acb9f,da911bf25b80a1cf04467bff66b99f76a7ef743cf4af6d15e8a30177a0a00a9b,1101110100111001001100010011000111101001011010110111001111100011,256,256,3,1,130,172,ok,verify_per_image_metadata,dataset_metadata_required,pending_review,license_review_required;provenance_review_required
ffhq:00100.png,FFHQ,00100.png,C:\Users\USERAS\thesis_project\data\raw\FFHQ\00100.png,.png,104955,fe1533a5c1d0c3c0dff6a5982f7feeb20e5e15676b22e59588bb4bacd5b23be1,93f800c5883410f260fc14ef26e08fabc360dd329db9d45866169b1a0258afcd,1001011100001111001010010001011100010101011101010111100101010011,256,256,3,1,137,191,ok,verify_per_image_metadata,dataset_metadata_required,pending_review,license_review_required;provenance_review_required
ffhq:00101.png,FFHQ,00101.png,C:\Users\USERAS\thesis_project\data\raw\FFHQ\00101.png,.png,105800,3e5db90067c9fc897f848ea0fa4c27b118901e1e7e26e148c7abcc5144f88b2b,9a2131502a88355954b6c68514814a4ab16d82c39e44a4f8717d462fa4b85723,0010010001100011111100001111000011101000111100011111000101100001,256,256,3,1,134,186,ok,verify_per_image_metadata,dataset_metadata_required,pending_review,license_review_required;provenance_review_required
ffhq:00102.png,FFHQ,00102.png,C:\Users\USERAS\thesis_project\data\raw\FFHQ\00102.png,.png,100918,25d638debbc5d4b7b6f031876fa503278f0ef99b1b59bb4ce939280f57a9cca0,0a9f57225ce16f93fb8b0c5f15d5acdb8112b4ce44c762e25d14b03f51d0a790,0010110001001111110110001101011011001110000011000010110110011001,256,256,3,1,138,163,ok,verify_per_image_metadata,dataset_metadata_required,pending_review,license_review_required;provenance_review_required
ffhq:00103.png,FFHQ,00103.png,C:\Users\USERAS\thesis_project\data\raw\FFHQ\00103.png,.png,95179,124bdea1cda718b298d37526ca9d1f52b3816f0ab145edf5ac9eccdebe145023,c735bea1fa394ba95174813a6ac7bde7501b023fe6f37b87386166101cc944df,0000000100100000001000000001000000000000000100001001000010001100,256,256,3,1,133,189,ok,verify_per_image_metadata,dataset_metadata_required,pending_review,license_review_required;provenance_review_required
ffhq:00104.png,FFHQ,00104.png,C:\Users\USERAS\thesis_project\data\raw\FFHQ\00104.png,.png,110587,aa79717b2a3ff8d984f9160a92f7f2ee61a73d7e436dc9d16dcd888b489e9af6,61d9094c30215f5066f6638d2d788e66323029a56a5cd39b475c6bfe04d60c2e,1000110000110110011100101101001011010000111100011001001010010100,256,256,3,0,,,ok,verify_per_image_metadata,dataset_metadata_required,rejected,license_review_required;no_face_detected;provenance_review_required
ffhq:00105.png,FFHQ,00105.png,C:\Users\USERAS\thesis_project\data\raw\FFHQ\00105.png,.png,98802,5a44628cd6b5bcd10a6d0603457149dfab7ccd8b2ea98febe15ccdeee24ac026,76d19dde4f409a2e337dede2fbc3ce71a7e3246678fd5974e5f0479caeef7fb7,1001111010011110001110110001011100011111000110000001111000011111,256,256,3,0,,,ok,verify_per_image_metadata,dataset_metadata_required,rejected,license_review_required;no_face_detected;provenance_review_required
ffhq:00106.png,FFHQ,00106.png,C:\Users\USERAS\thesis_project\data\raw\FFHQ\00106.png,.png,117266,cbc8a6f5b41221e7a6337bd6807bcdb9effb10b9b08acc3f58697a2c6914c6b2,cd9f9e5f18d43cdc87395f8abdc84e17c719c35006bed6b3baec3421b23987a1,0011101000011110011110110111001111100011111000100110000100010101,256,256,3,0,,,ok,verify_per_image_metadata,dataset_metadata_required,rejected,license_review_required;no_face_detected;provenance_review_required
ffhq:00107.png,FFHQ,00107.png,C:\Users\USERAS\thesis_project\data\raw\FFHQ\00107.png,.png,113684,438080c3aab9b4e08a6f6a91a8a6bf2aa7a79e8884a547322c4b029037e8a23d,2374dc8b169dd9664ee47cda80cbe25a60bb6c49d862e9684d1292b6dad574fa,0110100111000000111001000001001101110001011100000111000000111100,256,256,3,0,,,ok,verify_per_image_metadata,dataset_metadata_required,rejected,license_review_required;no_face_detected;provenance_review_required
ffhq:00108.png,FFHQ,00108.png,C:\Users\USERAS\thesis_project\data\raw\FFHQ\00108.png,.png,107104,c325c673b1cd88f08a16fd17bf850cbd1575ce19713016055da8ceb07359d987,6172117a654bc69878122f09e857a39674d388a8426264964becbd10b7ec0c77,1011110001110010011100010111000011101000111101000111100011100111,256,256,3,0,,,ok,verify_per_image_metadata,dataset_metadata_required,rejected,license_review_required;no_face_detected;provenance_review_required
ffhq:00109.png,FFHQ,00109.png,C:\Users\USERAS\thesis_project\data\raw\FFHQ\00109.png,.png,97031,3a3da1798b54a3177e8c5f409a7f28316f002f510eafee4348a470f8707608c7,889a0b5c798906d2ebbcdbadadf43231b11ecdbc250322c9d779ef11c9261a52,0011100111011100011111110111011011111011111011011111111101011111,256,256,3,1,134,176,ok,verify_per_image_metadata,dataset_metadata_required,pending_review,license_review_required;provenance_review_required
ffhq:00110.png,FFHQ,00110.png,C:\Users\USERAS\thesis_project\data\raw\FFHQ\00110.png,.png,93075,e02215251f5de3c5886f936a353b090128e051b4616f6c9fc9f4965ff146829e,e4bf1f1d5771014c4e2e299fd929f206212099c25f9fe04315ce01a712db25b0,1000111100010011001110010011010100110101001101010111101101111011,256,256,3,0,,,ok,verify_per_image_metadata,dataset_metadata_required,rejected,license_review_required;no_face_detected;provenance_review_required
ffhq:00111.png,FFHQ,00111.png,C:\Users\USERAS\thesis_project\data\raw\FFHQ\00111.png,.png,99546,e3da08f875f0ae4ffa9fbcbc380479fba850356974ac9b38d9f93657bb1b26ff,7ede7b63bce66910b3312838cc7e73dfe456deabe585ca9427e45443d89d6fc7,1111001010110011101100000111000001101001001010001011000010101000,256,256,3,0,,,ok,verify_per_image_metadata,dataset_metadata_required,rejected,license_review_required;no_face_detected;provenance_review_required
ffhq:00112.png,FFHQ,00112.png,C:\Users\USERAS\thesis_project\data\raw\FFHQ\00112.png,.png,103598,db358986f4a9a9342cbfcc755c554e3d23a959b94f55846a7eef87bafd2d80b0,31c2bc70fb43b046181232e225d4c34da2be6faa098aaee0e3911fbbdf178b47,1100111010011011001111110011011000010110100111111001111100001111,256,256,3,0,,,ok,verify_per_image_metadata,dataset_metadata_required,rejected,license_review_required;no_face_detected;provenance_review_required
ffhq:00113.png,FFHQ,00113.png,C:\Users\USERAS\thesis_project\data\raw\FFHQ\00113.png,.png,100081,44fc818a1859616734c57818d5a464cf6f7ca4ac176895cb17002ff34361150a,6affbc6a9d964ebfe086cf83511fb4e6165aa34ac5d6078dbea699ebc09fab66,0001111001001110011000110101011101110011001011100010111100010110,256,256,3,0,,,ok,verify_per_image_metadata,dataset_metadata_required,rejected,license_review_required;no_face_detected;provenance_review_required
ffhq:00114.png,FFHQ,00114.png,C:\Users\USERAS\thesis_project\data\raw\FFHQ\00114.png,.png,90917,e49b82df0a89c6744b8a2a589f687c99b0f8642f40c7795ba1d8f6afdbf81542,a8a617f7cfad62bdf5f763b6450edb05c50a8a51d87affbbbdcaf0938f8b736e,1111011011100011111100011011000111101001111010111100001111000111,256,256,3,1,132,176,ok,verify_per_image_metadata,dataset_metadata_required,pending_review,license_review_required;provenance_review_required
ffhq:00115.png,FFHQ,00115.png,C:\Users\USERAS\thesis_project\data\raw\FFHQ\00115.png,.png,112021,2e00db6d4831d381cdfb56f49e0d3b813a0457abac1d01ca7fad77a8fddddd8b,9fcd19616a0d73a2176a6f605257ce42c2a14f25225b23bc09ee513f0b97ab51,1000111000110011001100010011000001101000011010001011001011001101,256,256,3,1,136,186,ok,verify_per_image_metadata,dataset_metadata_required,pending_review,license_review_required;provenance_review_required
ffhq:00116.png,FFHQ,00116.png,C:\Users\USERAS\thesis_project\data\raw\FFHQ\00116.png,.png,106738,881f5b088f7682bf77dbbc4e0aa5572c866be1629c87fbd46873d3e32d0d1c7f,b8286e53571500c7d020c4c5ffc972368f8727571f97107ff359e9afa15d4bd9,0000111100010111001110010001010100010100000111110000101100110011,256,256,3,1,135,180,ok,verify_per_image_metadata,dataset_metadata_required,pending_review,license_review_required;provenance_review_required
ffhq:00117.png,FFHQ,00117.png,C:\Users\USERAS\thesis_project\data\raw\FFHQ\00117.png,.png,116155,09195fd051c71c4330548837672602ffd2d32d1c58bce85c33a99b30c14e7e88,f72a41f62fffe19b2539cd9d43ab70dc0c6c921f3e84c3a04e9dc751cd54bf77,1101010101111001011110011011000111101000111010011111001111010001,256,256,3,0,,,ok,verify_per_image_metadata,dataset_metadata_required,rejected,license_review_required;no_face_detected;provenance_review_required
ffhq:00118.png,FFHQ,00118.png,C:\Users\USERAS\thesis_project\data\raw\FFHQ\00118.png,.png,104278,8b52b9c8ee91a3c2780450ab6149010316d91a3e177add06fa69eb5ac06c5b71,ac38530f2d3b152d158dae23828425f9f4f3eb2b622dee672b8dc0b3d6d2de35,1010010010100110101010100011000100110100011110000001101101001111,256,256,3,1,141,180,ok,verify_per_image_metadata,dataset_metadata_required,pending_review,license_review_required;provenance_review_required
ffhq:00119.png,FFHQ,00119.png,C:\Users\USERAS\thesis_project\data\raw\FFHQ\00119.png,.png,107933,0de0abc11313bf3bc53caf6b5dec40a2c949195f6fe7a837178bc73d89e07c09,bd33bb6586ec2b7f42fd3dd418c0cdeeb0272c64f46e44faee0749cdeff2ccf9,0000011000011011001100010011010101101001111010011111000101100011,256,256,3,0,,,ok,verify_per_image_metadata,dataset_metadata_required,rejected,license_review_required;no_face_detected;provenance_review_required
ffhq:00120.png,FFHQ,00120.png,C:\Users\USERAS\thesis_project\data\raw\FFHQ\00120.png,.png,96400,f59dd61296d7897955609e9e49f7e5cee8675dd374227a15c205b8a2a87e8ebc,7cc6db0e895e45a95ac258153927f910b3aeb46966b732f9a6ce5bb4f68cf095,1101110111101101111011001100110011111100111011000110110000111000,256,256,3,0,,,ok,verify_per_image_metadata,dataset_metadata_required,rejected,license_review_required;no_face_detected;provenance_review_required
ffhq:00121.png,FFHQ,00121.png,C:\Users\USERAS\thesis_project\data\raw\FFHQ\00121.png,.png,82628,33063f64d63e2e1631be61f09a3cc3d4e992d918472e35269836e277e0faa667,efcaaf3bed514c975bd305e4734217f67d3bc6d8eb657680f8cf4968715b6137,0101110001011000111100001110000001101000011010000111100001110011,256,256,3,0,,,ok,verify_per_image_metadata,dataset_metadata_required,rejected,license_review_required;no_face_detected;provenance_review_required
ffhq:00122.png,FFHQ,00122.png,C:\Users\USERAS\thesis_project\data\raw\FFHQ\00122.png,.png,108250,8e9907cb3144cf95988356756370645961ea4064834a69ec7bf6048e52a960c4,6c999af561d3261daea3801588c0253bc52e1b8720b253d63f438e2db6b31b79,0000111000011111111110101111011011110011111000101110001111010010,256,256,3,0,,,ok,verify_per_image_metadata,dataset_metadata_required,rejected,license_review_required;no_face_detected;provenance_review_required
ffhq:00123.png,FFHQ,00123.png,C:\Users\USERAS\thesis_project\data\raw\FFHQ\00123.png,.png,106978,ab0dea450f7ce61e9ed49d68124a83dfbc28cc6d47b1ef975429568017cab75c,88f190d73b3ae53f74b3b20ea3f0d076bbe4e02718802bcccf0be299baf607cb,0011011101100011111100111101001111100011111000101010101011111010,256,256,3,0,,,ok,verify_per_image_metadata,dataset_metadata_required,rejected,license_review_required;no_face_detected;provenance_review_required
ffhq:00124.png,FFHQ,00124.png,C:\Users\USERAS\thesis_project\data\raw\FFHQ\00124.png,.png,83493,67bb30ffa8d1f65482fe6fae61ee95df4cd267820c32a12b435a95de14f6c908,bfd86ed1f124195907ff8d57e87827b4c73c64db44f6916fa823f24c0baf511a,0101011101100011011000110101011001010000000011100011011000010110,256,256,3,0,,,ok,verify_per_image_metadata,dataset_metadata_required,rejected,license_review_required;no_face_detected;provenance_review_required
ffhq:00125.png,FFHQ,00125.png,C:\Users\USERAS\thesis_project\data\raw\FFHQ\00125.png,.png,99181,558567601c08a97789f215b9ef83aa4160ada24c1a95a2b6a644309fc71779a7,0ad75b644d90d2674dc136df4930df9522c84ee204cbfb4c0119b891a55214e0,0011000111111001011010000111010001010100110011001101100010110100,256,256,3,1,131,178,ok,verify_per_image_metadata,dataset_metadata_required,pending_review,license_review_required;provenance_review_required
ffhq:00126.png,FFHQ,00126.png,C:\Users\USERAS\thesis_project\data\raw\FFHQ\00126.png,.png,89518,ce576c250c3b76f4bb4484ebade21386e93ee20f68381219048f8324d7084954,14f02ee89d053cf62c3ccbfcf69ec6dccf98f02a17fe68ccd1238d15c82dcfe4,1101111110110111011100110111011100101111001011110010111100111111,256,256,3,1,128,193,ok,verify_per_image_metadata,dataset_metadata_required,pending_review,license_review_required;provenance_review_required
ffhq:00127.png,FFHQ,00127.png,C:\Users\USERAS\thesis_project\data\raw\FFHQ\00127.png,.png,97408,5c9c0e792c5992fdb34e1a6d7885814403b232f6d11d1f112fd474f94698ddf5,34bcb2529fcfeb51a217fb17b72ba7a76a488755d4006dabaeafb68be9e5fbfc,0000110100010111001110100001011101011110000111100001111100001111,256,256,3,0,,,ok,verify_per_image_metadata,dataset_metadata_required,rejected,license_review_required;no_face_detected;provenance_review_required
ffhq:00128.png,FFHQ,00128.png,C:\Users\USERAS\thesis_project\data\raw\FFHQ\00128.png,.png,96303,75ef64a04521378a3bd4e512b9f756ad3a79ec04af1a0a7876f28446cf51f329,64df0b669573b3377581ec87248b79e39e268e858feb998870b48bfe5a49f873,1000010001100010110000001101000111010001110000011100001110000111,256,256,3,0,,,ok,verify_per_image_metadata,dataset_metadata_required,rejected,license_review_required;no_face_detected;provenance_review_required
ffhq:00129.png,FFHQ,00129.png,C:\Users\USERAS\thesis_project\data\raw\FFHQ\00129.png,.png,113374,cf7365b1bfd27613680f611acf5d24b3b781f1aa0a00a281e745a3643d1e592c,8397e900bfb2221e6f0069a9149f2e3190afdf5740f6c3399e080dddc4a87b34,0000110011001100111100001111010001000100110101001110001001000010,256,256,3,0,,,ok,verify_per_image_metadata,dataset_metadata_required,rejected,license_review_required;no_face_detected;provenance_review_required
ffhq:00130.png,FFHQ,00130.png,C:\Users\USERAS\thesis_project\data\raw\FFHQ\00130.png,.png,100884,c1a5c581fbd80545c2ac4c04a34703dd5af7c632396abc7c44e93ad8b13fa28a,3fd801c85a6c768de4d7fa20bd3437cb098605300adf266cb820f9cab25d93fd,0001100100111001001111010001010100010101000111010001110100111100,256,256,3,0,,,ok,verify_per_image_metadata,dataset_metadata_required,rejected,license_review_required;no_face_detected;provenance_review_required
ffhq:00131.png,FFHQ,00131.png,C:\Users\USERAS\thesis_project\data\raw\FFHQ\00131.png,.png,115062,c26ba17d535f7af8f40210070a29e106e83087011c810fa838816d9385c1e5a3,97c320bea00b9ce6a89933a64c825ee8f4524e7f7f5e9b88cb454b5e45c8d4a3,0111100101111000011111000111010001110101011110010011001100110011,256,256,3,1,136,173,ok,verify_per_image_metadata,dataset_metadata_required,pending_review,license_review_required;provenance_review_required
ffhq:00132.png,FFHQ,00132.png,C:\Users\USERAS\thesis_project\data\raw\FFHQ\00132.png,.png,103921,6107d939351f1f0a88b51d9bda47b6503c3542a109aa604e52be5ecdfa7eeecb,dae9875b7dd2e2724b9a5c978b8fb0e65df57320625596bd877677a017ffbf1d,0110001111001000110011001101010011010100110011001100110011101101,256,256,3,0,,,ok,verify_per_image_metadata,dataset_metadata_required,rejected,license_review_required;no_face_detected;provenance_review_required
ffhq:00133.png,FFHQ,00133.png,C:\Users\USERAS\thesis_project\data\raw\FFHQ\00133.png,.png,115321,389841a6f18e16803e6e80f2a0a7fa8365cddff1560bd3d0ef219463f40ebc14,56cc7b7ac7028e59df571be0083f0e843621102691bce9688b99038d397366e7,0000101100111000011110010001010010110100100111001001100110011111,256,256,3,0,,,ok,verify_per_image_metadata,dataset_metadata_required,rejected,license_review_required;no_face_detected;provenance_review_required
ffhq:00134.png,FFHQ,00134.png,C:\Users\USERAS\thesis_project\data\raw\FFHQ\00134.png,.png,102032,a2f17cf15929b393318c57e5b689921363c868db46e85fa75707beb0fc2ab9d9,22a24f82a03ad2646aed895c4b1be06807644a710b30490e43d07e8f5dcb8848,0000111100110111001111110101011111010110110010110110001101100111,256,256,3,0,,,ok,verify_per_image_metadata,dataset_metadata_required,rejected,license_review_required;no_face_detected;provenance_review_required
ffhq:00135.png,FFHQ,00135.png,C:\Users\USERAS\thesis_project\data\raw\FFHQ\00135.png,.png,123522,5b3e6af68affd452c26fceecb402bb614e755f3d6575ac194067d57c6bd7b7a3,8e27df3a02baee57f3f83eaf85427a73ce337e29dcb7c63c9002fd485457ae62,0110100001000011001000011001010111110101011001110101110011100100,256,256,3,1,138,166,ok,verify_per_image_metadata,dataset_metadata_required,pending_review,license_review_required;provenance_review_required
ffhq:00136.png,FFHQ,00136.png,C:\Users\USERAS\thesis_project\data\raw\FFHQ\00136.png,.png,100285,e35ab5aeecbf6173f3e446556d5c203afd3268889dfd59bfa1f926bdf05298cd,c8d3cbf8ddd7f03687f4d196ac21ec03cc7d99bd7398cf2791186650e734a78a,0000011100010000001100000111010011111000101110010011000100011010,256,256,3,1,139,174,ok,verify_per_image_metadata,dataset_metadata_required,pending_review,license_review_required;provenance_review_required
ffhq:00137.png,FFHQ,00137.png,C:\Users\USERAS\thesis_project\data\raw\FFHQ\00137.png,.png,106968,e0fd1447d5f4961018f5405f19b47d02b016b92fa648c00afdad9e6e635d10c6,01017f25a87e1ac4a0b2991b919b3ca3a4b056e7aa646428a78b68e3c7757813,0001011000110010011000010111000101110001011000010111001001101010,256,256,3,1,128,187,ok,verify_per_image_metadata,dataset_metadata_required,pending_review,license_review_required;provenance_review_required
ffhq:00138.png,FFHQ,00138.png,C:\Users\USERAS\thesis_project\data\raw\FFHQ\00138.png,.png,121262,8d1283647b8315d7a29c032f13773b39f12f9d573d1ffd4dec7e84861da9d774,6e0c906a3b107358aaa212352d5b11f2b4ed99fe6154091ac75c311d133de3f4,0111001011101110011100110111000101110001011001010010000101110001,256,256,3,0,,,ok,verify_per_image_metadata,dataset_metadata_required,rejected,license_review_required;no_face_detected;provenance_review_required
ffhq:00139.png,FFHQ,00139.png,C:\Users\USERAS\thesis_project\data\raw\FFHQ\00139.png,.png,97775,273434061bf5c971ffd50e1664b9d266028a56d470fe97b9afaa7b117b8591e5,9ee485416833370d8b1ec6cec821604907c2fa762ca66b9bc67eb3ffafd9b115,1100011110010001101000011001000100100000001011010011000100010011,256,256,3,1,141,176,ok,verify_per_image_metadata,dataset_metadata_required,pending_review,license_review_required;provenance_review_required
ffhq:00140.png,FFHQ,00140.png,C:\Users\USERAS\thesis_project\data\raw\FFHQ\00140.png,.png,106055,895c9059c0d48177e6448a73ec308b36ddfe2a3ad50edd7a2d3a3b9d184d0f1c,03c3664bd225dbaaf8a59d91d81390829b0eca9b17bfb35e8a2f9eca211635b7,0010000011111000101110000011010001110100101101011111100111010101,256,256,3,0,,,ok,verify_per_image_metadata,dataset_metadata_required,rejected,license_review_required;no_face_detected;provenance_review_required
ffhq:00141.png,FFHQ,00141.png,C:\Users\USERAS\thesis_project\data\raw\FFHQ\00141.png,.png,103892,610a8483e274a46960072f64fb6e9af1288ed473ca5387350d6b63730eb65d5a,32037ca72818b19dbdc72053fb0cfecf1232f3cdbfbe427f0ca300fef0848241,1000111110101111101000011001010110010111101111011011110100111000,256,256,3,1,137,178,ok,verify_per_image_metadata,dataset_metadata_required,pending_review,license_review_required;provenance_review_required
ffhq:00142.png,FFHQ,00142.png,C:\Users\USERAS\thesis_project\data\raw\FFHQ\00142.png,.png,110546,34b6dfed1efcedd7a6735159927ec8c037314bd4348f82ff74332c96b11ea65f,7895ced4f4fa6cb5cdd153c1d2ee3099974d2815e40a96bb9894011f2ebb912f,1100100011000110110000101101010011010000000011110010101100111010,256,256,3,0,,,ok,verify_per_image_metadata,dataset_metadata_required,rejected,license_review_required;no_face_detected;provenance_review_required
ffhq:00143.png,FFHQ,00143.png,C:\Users\USERAS\thesis_project\data\raw\FFHQ\00143.png,.png,91080,b0980a39739c417e97f217116e043fc1daa479103e56872b2c9f7a32e940f14d,6bd9aa36e3abe79b202aac0b787234bb29c60a3258d8db59adf1901cf675c394,0001011000110010001100110011001101110110000101100011011101110001,256,256,3,0,,,ok,verify_per_image_metadata,dataset_metadata_required,rejected,license_review_required;no_face_detected;provenance_review_required
ffhq:00144.png,FFHQ,00144.png,C:\Users\USERAS\thesis_project\data\raw\FFHQ\00144.png,.png,106845,a1916b2039c3b7712dd44d7c8471d09af93f19936039c3e3f2a6915deedf69c8,6596f2e528879d886104b9465c87b0d839a0be7ccb3ca384ecacddacbe5ad47d,1110000011110000111100001111000011101000011010000011001000010111,256,256,3,0,,,ok,verify_per_image_metadata,dataset_metadata_required,rejected,license_review_required;no_face_detected;provenance_review_required
ffhq:00145.png,FFHQ,00145.png,C:\Users\USERAS\thesis_project\data\raw\FFHQ\00145.png,.png,94773,41ad5fe8d24c73a1683bdd0a340c725a63826bf476aafeb4c0d6d97a7d25ad0d,428e52ef808c13dce7e93d3dcad7d2d366d7c7f10cc8f22153302cbdc76da627,0001111100011011001100110001011100010111100111111001111010001101,256,256,3,0,,,ok,verify_per_image_metadata,dataset_metadata_required,rejected,license_review_required;no_face_detected;provenance_review_required
ffhq:00146.png,FFHQ,00146.png,C:\Users\USERAS\thesis_project\data\raw\FFHQ\00146.png,.png,124483,5cea5eae7ca2451ad30b1d027fc3b61469526c1912c53661bde631df06c65c8f,27da25dfb67f9f26ba2c1b5560fcdd583550f15cb86c271c8ccbd5ca876382b7,1000011110111001100010101101010011111100011110011011001011101000,256,256,3,1,143,175,ok,verify_per_image_metadata,dataset_metadata_required,pending_review,license_review_required;provenance_review_required
ffhq:00147.png,FFHQ,00147.png,C:\Users\USERAS\thesis_project\data\raw\FFHQ\00147.png,.png,97895,37ae4c2b8cea6a691377c0bafacacbc2aa7ade69a7df48bb1400f155a8820b21,2145fb893151d18e6eb803a6735d8cf4a4fc339a0d381e276c1171d5b7709795,1100001101110001111100001111010011101000111010001110100011100001,256,256,3,0,,,ok,verify_per_image_metadata,dataset_metadata_required,rejected,license_review_required;no_face_detected;provenance_review_required
ffhq:00148.png,FFHQ,00148.png,C:\Users\USERAS\thesis_project\data\raw\FFHQ\00148.png,.png,112228,2da8eaff97ebdd590b19c507b2c49b3c42a25d856d2675e6ffc8b1835d7acf54,8d6cfa8bd95be4b074cdc98c31ed9b3f8ea9d28f8c2908e31a6e5f11b18baa45,0011101100011111011111010111010101111101011111010011111110111110,256,256,3,1,139,171,ok,verify_per_image_metadata,dataset_metadata_required,pending_review,license_review_required;provenance_review_required
ffhq:00149.png,FFHQ,00149.png,C:\Users\USERAS\thesis_project\data\raw\FFHQ\00149.png,.png,105161,7f79cc5061ee719384bd4af28a8f3fd942f610bb8dc3322fa9d355dc247606dd,f443e981c1c69378af51e01216b0ea0268e23b6a3fafb2ebddb56031cd9a328a,0000111001110010011000110101001001110011111100100110001000100110,256,256,3,1,126,190,ok,verify_per_image_metadata,dataset_metadata_required,pending_review,license_review_required;provenance_review_required
ffhq:00150.png,FFHQ,00150.png,C:\Users\USERAS\thesis_project\data\raw\FFHQ\00150.png,.png,127260,c07127fa718a5591b83b3f0d31dde488cbc7d86ff3e94fe12e734217983cfc95,9f14f3d21b2a95d870b092f4987feeaa2fb1e503ead5e144b31d83d06cc1aed9,1011000111110001111100011001001111010001110101101110000110000011,256,256,3,1,136,173,ok,verify_per_image_metadata,dataset_metadata_required,pending_review,license_review_required;provenance_review_required
ffhq:00151.png,FFHQ,00151.png,C:\Users\USERAS\thesis_project\data\raw\FFHQ\00151.png,.png,113598,c20d2a754182a893a98f9161030453b741191464face640af681004119fec40e,c984550b247f150dc485d97f14be4e6d3cc7e69dcf3ff35f5a86fb1220553a92,1110110011100001111100001111010001111001011110001111100001111110,256,256,3,0,,,ok,verify_per_image_metadata,dataset_metadata_required,rejected,license_review_required;no_face_detected;provenance_review_required
ffhq:00152.png,FFHQ,00152.png,C:\Users\USERAS\thesis_project\data\raw\FFHQ\00152.png,.png,114397,bb57b8f72d86d131f00b5c4f690fc08bd612520c06d707840f3e4c76e534b382,1484665a6c602d0b44afbb5a2159757bf117c12613e560706b7febaed53cf575,0001011100100111000001110101011011010100010011100110011010000110,256,256,3,0,,,ok,verify_per_image_metadata,dataset_metadata_required,rejected,license_review_required;no_face_detected;provenance_review_required
ffhq:00153.png,FFHQ,00153.png,C:\Users\USERAS\thesis_project\data\raw\FFHQ\00153.png,.png,107295,c2f97a56f05cc909008368f20dd4066ac9d0f55ea8efd82708f0459664f615ba,213e0293e44644f8a26f28e98ccdbc6255e2df01cd05103837c59a624baeddf2,1000111100011111101011110010011111110001001111000011100000110000,256,256,3,0,,,ok,verify_per_image_metadata,dataset_metadata_required,rejected,license_review_required;no_face_detected;provenance_review_required
ffhq:00154.png,FFHQ,00154.png,C:\Users\USERAS\thesis_project\data\raw\FFHQ\00154.png,.png,119682,6d4bef2caf21cca8312020958b09c38fe51a1331dd5813842306756b8da0f636,436baeabb743702cd0bbad990ea568e0a0f0ebb83d427f45d592a6f1c4823632,1011101110111001101110000011011111010100011111000011110010011110,256,256,3,0,,,ok,verify_per_image_metadata,dataset_metadata_required,rejected,license_review_required;no_face_detected;provenance_review_required
ffhq:00155.png,FFHQ,00155.png,C:\Users\USERAS\thesis_project\data\raw\FFHQ\00155.png,.png,112820,a6b9adff81dc091ee28b0dc5edd3142e20b9e287938fbc274204e8cc76befe72,099d310a1c7814b68517471b1fdce19e813d43406e5285b698dee5edcdd6f5f3,1110000111010011111100001101000111000001110010011100000111000001,256,256,3,1,146,172,ok,verify_per_image_metadata,dataset_metadata_required,pending_review,license_review_required;provenance_review_required
ffhq:00156.png,FFHQ,00156.png,C:\Users\USERAS\thesis_project\data\raw\FFHQ\00156.png,.png,128275,bf11dd143ceb398f15797360cf8fc76723ed17f06d330ec538564f2fb3d078df,101244c779c9de1b36435482a08f39528768cdcf00268cda8c1be0ce735d5610,1001110110011110101111010101010011110110100101101101001010100010,256,256,3,0,,,ok,verify_per_image_metadata,dataset_metadata_required,rejected,license_review_required;no_face_detected;provenance_review_required
ffhq:00157.png,FFHQ,00157.png,C:\Users\USERAS\thesis_project\data\raw\FFHQ\00157.png,.png,102992,f444ca91596f1d8170fc975f4d66cd93f0befd88ee3b5cea3b50c76aa498e2bd,1c20edacbe84406c5d12714f75e4fa28c8f4a484ad2dc8bdddbe239b5f889a13,0001100100111111011111110001011000111110000111100001111000011110,256,256,3,1,69,133,ok,verify_per_image_metadata,dataset_metadata_required,pending_review,license_review_required;provenance_review_required
ffhq:00158.png,FFHQ,00158.png,C:\Users\USERAS\thesis_project\data\raw\FFHQ\00158.png,.png,101309,c46c58ce0436dd13a94121820fadf86a01d08daad1bcbb20aa4023069b5b4f1d,e80ed821d1a7d33a63d4e8d58256b5f32eecdc2f20c30c619bbc13cfca16a581,0111100011100010011100011111010011101001001010000011100000011001,256,256,3,0,,,ok,verify_per_image_metadata,dataset_metadata_required,rejected,license_review_required;no_face_detected;provenance_review_required
ffhq:00159.png,FFHQ,00159.png,C:\Users\USERAS\thesis_project\data\raw\FFHQ\00159.png,.png,72493,729cd7d4c20c1f5a572beeac45d3a18a8a34d25c20114db2465d2e993fc75c71,c459577b2fffe9664dd764718e31a5a6f0927bf98b04b280bbfbfd81d8efe1ff,1111101101110001111100001111000011101000111010001011000010010000,256,256,3,0,,,ok,verify_per_image_metadata,dataset_metadata_required,rejected,license_review_required;no_face_detected;provenance_review_required
ffhq:00160.png,FFHQ,00160.png,C:\Users\USERAS\thesis_project\data\raw\FFHQ\00160.png,.png,99972,4b0e08297744495afd913f3211c6373db2ea2b1017fc7321b5669130418e0fe0,8900dfb8235b743eaab5fef6f9b2e747479eb2bc3aaed65986e4a22736750589,1100101111100001110100010101000101010000110011001100111101001011,256,256,3,1,134,182,ok,verify_per_image_metadata,dataset_metadata_required,pending_review,license_review_required;provenance_review_required
ffhq:00161.png,FFHQ,00161.png,C:\Users\USERAS\thesis_project\data\raw\FFHQ\00161.png,.png,91940,720b525663c93c13a3bd7cc98645a38886c1f2488a17a1182ee5fde10165054b,77311534ad15d06410278b04f90318ec3c2710048b21fe24b7f1860e26fd65fc,1111001001111011011101110111000111101000111110101011001110100111,256,256,3,1,139,163,ok,verify_per_image_metadata,dataset_metadata_required,pending_review,license_review_required;provenance_review_required
ffhq:00162.png,FFHQ,00162.png,C:\Users\USERAS\thesis_project\data\raw\FFHQ\00162.png,.png,120931,3763059027dab9c1f75fce601bfaf5ac9c499f072feaa8b0b1778aed805ab243,62b3246f2e2f7c4b9820a00e09cd3a3e98bbcb546134af3c422351433e855345,0110110000001110101110010001010000010110100111001001100100010011,256,256,3,2,128,173,ok,verify_per_image_metadata,dataset_metadata_required,rejected,face_count_not_one;license_review_required;provenance_review_required
ffhq:00163.png,FFHQ,00163.png,C:\Users\USERAS\thesis_project\data\raw\FFHQ\00163.png,.png,98643,0e2e8190e2e659fa633770759a4dc5d50661bc22a8994efbeb53d9ce95849f93,7dbfcf39a2b215ab73283404433f417a20567acaa9e3526b414486821ea65436,1000111100010111001100110011001100111001001011010001010100011101,256,256,3,1,133,167,ok,verify_per_image_metadata,dataset_metadata_required,pending_review,license_review_required;provenance_review_required
ffhq:00164.png,FFHQ,00164.png,C:\Users\USERAS\thesis_project\data\raw\FFHQ\00164.png,.png,105126,ee816fb3299d328227826f9b896dd1f66aaa3e219c7e4c08b4cdd3f409b16e94,3713e05c8608bf5eb2ec07a2b119c5faf2ae392a9ce5fd9419e68ed5e1e5ae75,1100111110001111001111110011010010110100001101000111010100110001,256,256,3,0,,,ok,verify_per_image_metadata,dataset_metadata_required,rejected,license_review_required;no_face_detected;provenance_review_required
ffhq:00165.png,FFHQ,00165.png,C:\Users\USERAS\thesis_project\data\raw\FFHQ\00165.png,.png,103615,892fc0a859ae669526468712107f0982ab98e4cf158d2045eb415661b572aab9,d3cf200f27c061802487d7d0bc1019622ba1d6aadde0e316b4270e43672af922,1000011100101111001111110011010101010101110111010100111001101110,256,256,3,0,,,ok,verify_per_image_metadata,dataset_metadata_required,rejected,license_review_required;no_face_detected;provenance_review_required
ffhq:00166.png,FFHQ,00166.png,C:\Users\USERAS\thesis_project\data\raw\FFHQ\00166.png,.png,98293,f321f3850f45a1e1496f3efc540140a3259a55aaf88ec8b78c877b863085a59b,c061c157877424bbffae83d6bf8afa20e1820c6830c73de6699d6a46745c5689,0000011100100111001100000011011001111100011111000111100000011100,256,256,3,0,,,ok,verify_per_image_metadata,dataset_metadata_required,rejected,license_review_required;no_face_detected;provenance_review_required
ffhq:00167.png,FFHQ,00167.png,C:\Users\USERAS\thesis_project\data\raw\FFHQ\00167.png,.png,108322,a7865d3687d152d2a368783fa97603f585854f5f567177d2d7f8022be80e81ff,0b1658b908d93a2e1e8e92d4de13700e8fdca77eaf8381c46ed1239f971a54c0,1011110010110010001100000111000001101000111100000111000010111000,256,256,3,0,,,ok,verify_per_image_metadata,dataset_metadata_required,rejected,license_review_required;no_face_detected;provenance_review_required
ffhq:00168.png,FFHQ,00168.png,C:\Users\USERAS\thesis_project\data\raw\FFHQ\00168.png,.png,116294,a51b8bcafb1317019d3fbdff341b5a5f3cf2c2807e4598cf9c603e68cb991cbe,106c313bc0b79a27ad3965d3e8af1d7d0ba013f57d1a13d1bc629cb246d023e8,1011001101100011011100010101000111101001110010010110100011000100,256,256,3,1,146,170,ok,verify_per_image_metadata,dataset_metadata_required,pending_review,license_review_required;provenance_review_required
ffhq:00169.png,FFHQ,00169.png,C:\Users\USERAS\thesis_project\data\raw\FFHQ\00169.png,.png,90522,f2b77245434675b1d23ff6a25ffabc90d2c65f81fc6bfb43140bbb734108a2fc,254069fbf1a15c8fd481dc5f5f0288052865879e741a73247bd9ed0577552125,1110011110010111001110100011011000111100100100111011000111011000,256,256,3,1,132,179,ok,verify_per_image_metadata,dataset_metadata_required,pending_review,license_review_required;provenance_review_required
ffhq:00170.png,FFHQ,00170.png,C:\Users\USERAS\thesis_project\data\raw\FFHQ\00170.png,.png,112785,7e28004d3457e573a61683e5545882699d85c5b07ef353f0a3a5d2a340c3a6a5,b8c29931b7e2ffd345cc2d308aa3470fc327e5c698001438efb72b9edbd20f06,0111000001110000110011001001010011110100010111101011100000110000,256,256,3,0,,,ok,verify_per_image_metadata,dataset_metadata_required,rejected,license_review_required;no_face_detected;provenance_review_required
ffhq:00171.png,FFHQ,00171.png,C:\Users\USERAS\thesis_project\data\raw\FFHQ\00171.png,.png,99876,f1a3b4cc308f2d7a947a42406f2d201b0e6587128e654878de3f6f531f3b9f23,d00ef1d7ae27f1dcb4a7af7d39d7f80ff6e89f7ec7b2ff4550adcb66899318df,1110100111010100111000101111011011000100111001011110000111100001,256,256,3,1,130,175,ok,verify_per_image_metadata,dataset_metadata_required,pending_review,license_review_required;provenance_review_required
ffhq:00172.png,FFHQ,00172.png,C:\Users\USERAS\thesis_project\data\raw\FFHQ\00172.png,.png,98781,cd75f155b1f56687788ab83477e61c69c7cf1f3de4aa70249cb1211d5e13c36e,034f84b23201175ff3d2053ac5ab435ae4502fba2e19fc1fbf6c0c0dfa64e557,1100110111010000101100001111010011111000011010010011001111001101,256,256,3,1,48,63,ok,verify_per_image_metadata,dataset_metadata_required,rejected,face_below_size_threshold;license_review_required;provenance_review_required
ffhq:00173.png,FFHQ,00173.png,C:\Users\USERAS\thesis_project\data\raw\FFHQ\00173.png,.png,108591,17ed2e8ba841a8e5034192968c03f62584fd4aa146cdca87f1fc52b3279c252d,f15c5f0d7deb2f03096b6c9e661e6805f9adca14f167fdccc6ca85fbdb795669,0111111001111100111001001100011011000000110010001001010010011000,256,256,3,1,129,180,ok,verify_per_image_metadata,dataset_metadata_required,pending_review,license_review_required;provenance_review_required
ffhq:00174.png,FFHQ,00174.png,C:\Users\USERAS\thesis_project\data\raw\FFHQ\00174.png,.png,105365,1c6154ca944c4c356ebb76aae75eb2b5b62d81b0cfaedf228218978d0d533fd5,c8d5e3ed9b8945c886dfa0ca1386fdb0fda200f8a161638f940d5f820bb6f8dc,0000010001110100011100000111000111101000011100000111000001111000,256,256,3,0,,,ok,verify_per_image_metadata,dataset_metadata_required,rejected,license_review_required;no_face_detected;provenance_review_required
ffhq:00175.png,FFHQ,00175.png,C:\Users\USERAS\thesis_project\data\raw\FFHQ\00175.png,.png,109685,3a0b777637c1b71fddb91b09244471ff4e2eb7c5173bb8d444fdc7dce74febe1,2ea56c5b545760e6e66f45ac3383567c02da49c33ca087253320e245f0e2be6f,1101100010011000011110000111010111110100011101010111110100011001,256,256,3,1,74,102,ok,verify_per_image_metadata,dataset_metadata_required,pending_review,license_review_required;provenance_review_required
ffhq:00176.png,FFHQ,00176.png,C:\Users\USERAS\thesis_project\data\raw\FFHQ\00176.png,.png,118469,f381cad3b5b47038ca5af450b659e19a8e37aac1fa8fb6644d7ccccfe680ec34,298ab59375d54da6f180abcf76f6d465723aeeae857c4dcdad34ee9047dcc5bd,1000111100111000001110000111010101111001010100010001101110000111,256,256,3,0,,,ok,verify_per_image_metadata,dataset_metadata_required,rejected,license_review_required;no_face_detected;provenance_review_required
ffhq:00177.png,FFHQ,00177.png,C:\Users\USERAS\thesis_project\data\raw\FFHQ\00177.png,.png,102446,0ed25bf9a5b15786c46627ef82bfe1b0c352fbf25b70aaa3b276b20e0d45cbad,7552056f25a8adaedd8eae6a61ad709dfc93a59e672d06a4517ef68cbf422bc1,0001111100001111011110011101010111101000011010000111010001100110,256,256,3,0,,,ok,verify_per_image_metadata,dataset_metadata_required,rejected,license_review_required;no_face_detected;provenance_review_required
ffhq:00178.png,FFHQ,00178.png,C:\Users\USERAS\thesis_project\data\raw\FFHQ\00178.png,.png,104058,24b5a87d669743b6449f1ebcfb6123da46ac0c7384aa6c3e3ba92f7a7611bdf2,1edf6e71c07605499c2d7ba5d96197a1a02f75d8b26a0aeea002974ff455c3b2,0101010110111000001110010101010101010000010010101011001101010010,256,256,3,1,131,181,ok,verify_per_image_metadata,dataset_metadata_required,pending_review,license_review_required;provenance_review_required
ffhq:00179.png,FFHQ,00179.png,C:\Users\USERAS\thesis_project\data\raw\FFHQ\00179.png,.png,113379,cb43bcc6ab18820e2e0962554a3617fedb4f925afc96bd61600c0189b64f4e66,1ea5a8219ac4a3913320904b08d621b9464d85f908a7bae24be372a79637084f,1111000011011100110100101001011010110100110011101000110001100001,256,256,3,0,,,ok,verify_per_image_metadata,dataset_metadata_required,rejected,license_review_required;no_face_detected;provenance_review_required
ffhq:00180.png,FFHQ,00180.png,C:\Users\USERAS\thesis_project\data\raw\FFHQ\00180.png,.png,111462,ef694a2a5f7c655386cdf8ea969e1458b0489c334813152043622f56adce3acb,b5f91f909acd50f55cdc9b9d97a7bcd84eaf5c21a8d38d82a7e3944dc5366e8c,1110000101110001001111010101010001011101001110011011001010010010,256,256,3,0,,,ok,verify_per_image_metadata,dataset_metadata_required,rejected,license_review_required;no_face_detected;provenance_review_required
ffhq:00181.png,FFHQ,00181.png,C:\Users\USERAS\thesis_project\data\raw\FFHQ\00181.png,.png,105886,69865ba2edd0f317a4e31da69580dbcea73ae785875f5c294521c7927203e4b7,a426a0094601b63acceec33fc5034c7377858d12e85acb1a7dead16b6dff9f24,0011100000110110001001110111011101110001011010010110101100110011,256,256,3,0,,,ok,verify_per_image_metadata,dataset_metadata_required,rejected,license_review_required;no_face_detected;provenance_review_required
ffhq:00182.png,FFHQ,00182.png,C:\Users\USERAS\thesis_project\data\raw\FFHQ\00182.png,.png,101053,156619354708871271725132c203cbc41ac8ed99d4b5f9f643f2e2ddbd87a7ee,511e2d1ac8c1096c8a601fed4411d6c69d4e6bdd1202158f0f0b6bd865f4bd1a,0011101101110011011100100111001001010110010011101011001111011111,256,256,3,0,,,ok,verify_per_image_metadata,dataset_metadata_required,rejected,license_review_required;no_face_detected;provenance_review_required
ffhq:00183.png,FFHQ,00183.png,C:\Users\USERAS\thesis_project\data\raw\FFHQ\00183.png,.png,116674,0e963ee5a80c615e7180df9caef669787d7f6faf86eb8dede549623694e5cc7d,2a1f1dd068ad69748ee783073ef0f208283477388a30ba00bf62989beb3c666b,1100010110100101111000111111001111110001111100111111001100110001,256,256,3,0,,,ok,verify_per_image_metadata,dataset_metadata_required,rejected,license_review_required;no_face_detected;provenance_review_required
ffhq:00184.png,FFHQ,00184.png,C:\Users\USERAS\thesis_project\data\raw\FFHQ\00184.png,.png,112359,f23d6b7213522ae5af9ef865ae5ff0aa57617e38bf6b16e9a7093dbbf5538f45,85d6d970645ab471752a9724d16569487bc0f15c1983533a0cfb54d3096048be,0000000001111101110101001101010011000001111000111110001101100101,256,256,3,0,,,ok,verify_per_image_metadata,dataset_metadata_required,rejected,license_review_required;no_face_detected;provenance_review_required
ffhq:00185.png,FFHQ,00185.png,C:\Users\USERAS\thesis_project\data\raw\FFHQ\00185.png,.png,124648,a481c08cccb09a7b443e17ebdef16fc18fdfde22305b21df3eb950f2ec73e89a,102002fc8ea03d568f4236f39e63c7741fcb47f02388ace917b15dc24db39fcb,1110110111000101010101011001001001011011011000011111000110110011,256,256,3,0,,,ok,verify_per_image_metadata,dataset_metadata_required,rejected,license_review_required;no_face_detected;provenance_review_required
ffhq:00186.png,FFHQ,00186.png,C:\Users\USERAS\thesis_project\data\raw\FFHQ\00186.png,.png,105906,37e92ec760edea9ede8610651aba90e573f3003d9c72f36d5e5628442244cb3c,5361ef70dbe35671e98818f0b3dc5690e42159f89870faacb298e3c9d20b98bc,1111000010010100001111100101011001101100010111000100110010111000,256,256,3,0,,,ok,verify_per_image_metadata,dataset_metadata_required,rejected,license_review_required;no_face_detected;provenance_review_required
ffhq:00187.png,FFHQ,00187.png,C:\Users\USERAS\thesis_project\data\raw\FFHQ\00187.png,.png,113355,accf87bc4da67ae8a0a40464c7afd6887edd608f757f15cf08cfc5f0731237f7,9e7398aeac820f187a1a551ca5252cf345be4ef9292d7bfe4b31ffab555ef087,1000111100100001011100011011000111100001011000111110001001101010,256,256,3,1,125,178,ok,verify_per_image_metadata,dataset_metadata_required,pending_review,license_review_required;provenance_review_required
ffhq:00188.png,FFHQ,00188.png,C:\Users\USERAS\thesis_project\data\raw\FFHQ\00188.png,.png,107205,0986247aa949e8750db7b91bdc7eb6b584463ea3f2745f2c7f55f150e06988f2,91bc7af813be61745b7214e5a26dfe66114be6398853aecc0b271eef4b31e2eb,1000111000011010001110000011000100100001001000110111001100110000,256,256,3,1,138,164,ok,verify_per_image_metadata,dataset_metadata_required,pending_review,license_review_required;provenance_review_required
ffhq:00189.png,FFHQ,00189.png,C:\Users\USERAS\thesis_project\data\raw\FFHQ\00189.png,.png,120223,aecd6035e10a556e2c1f3ebf0ebbd22988e0a4496a14f47cdfe22f17ba5ccf86,769c860d574af7fdd609d06f1036534233e556555bf2466ce6b5ef2e041c4f26,1000110001111010011110010101011011011101100111111001101100010011,256,256,3,0,,,ok,verify_per_image_metadata,dataset_metadata_required,rejected,license_review_required;no_face_detected;provenance_review_required
ffhq:00190.png,FFHQ,00190.png,C:\Users\USERAS\thesis_project\data\raw\FFHQ\00190.png,.png,108424,4eea536b744db20afe1af23cb879eb440f8df0611a3b7684580800c6adee6338,802f9e2b2e9d1315480e1ffccdde6152f9324c0a9114fc80716a0ee58fef94dc,1111011111100011101000110101011001000100110001101100001010011010,256,256,3,0,,,ok,verify_per_image_metadata,dataset_metadata_required,rejected,license_review_required;no_face_detected;provenance_review_required
ffhq:00191.png,FFHQ,00191.png,C:\Users\USERAS\thesis_project\data\raw\FFHQ\00191.png,.png,100532,353e682f8aeedc5d347abc828099661e8a5fc8c57715af4c24e8180c13ffdc3d,00f8d88b1aa7b9fa461f2841c9a3b6e38cf1a33da0e64f655bbe969ca5d2f493,0011001101110001011100010111000111101000010101010111000100111000,256,256,3,0,,,ok,verify_per_image_metadata,dataset_metadata_required,rejected,license_review_required;no_face_detected;provenance_review_required
ffhq:00192.png,FFHQ,00192.png,C:\Users\USERAS\thesis_project\data\raw\FFHQ\00192.png,.png,96982,4ad828c0daf85bdee4bca9742bec5864da1152571e6145236e601463046979f4,d9fdf97f4e935b1d3c5dbfb24eb8cd8a817c8298d39a78ae380942b1fb00202e,1100110011100100111000011101011011010000110100001110011010100110,256,256,3,0,,,ok,verify_per_image_metadata,dataset_metadata_required,rejected,license_review_required;no_face_detected;provenance_review_required
ffhq:00193.png,FFHQ,00193.png,C:\Users\USERAS\thesis_project\data\raw\FFHQ\00193.png,.png,103593,a9cfe401ed5dc3d0c4db3c0146b0e8920876c2ff0442f0d6a6753b42f6b3c01e,85520ba229103292b2bd84ed251f9b54d4022226d0b675e29ad8fbe6046b5024,1100000010110000011100011111000011110000111010101111001001001100,256,256,3,1,121,191,ok,verify_per_image_metadata,dataset_metadata_required,pending_review,license_review_required;provenance_review_required
ffhq:00194.png,FFHQ,00194.png,C:\Users\USERAS\thesis_project\data\raw\FFHQ\00194.png,.png,104690,ef536941656a43e19e0265da26b9d5032ae3550e709a68bef49f13acc4711f3a,70d217a9291396747e36bff986ffe44d11dd14c2d05e4874396f96e473a53360,0100011111000011101111111101011110011110110111101110110000111011,256,256,3,0,,,ok,verify_per_image_metadata,dataset_metadata_required,rejected,license_review_required;no_face_detected;provenance_review_required
ffhq:00195.png,FFHQ,00195.png,C:\Users\USERAS\thesis_project\data\raw\FFHQ\00195.png,.png,102198,37ce1c347dd417d61d53e8859c86453e6d3511558d5d2a5c2fe9834c5f2b53f3,5b95dd48b666139e85893f487dcfae7bfd68bb6fd79447b7a6160b1e99e79aa1,1001110111000110111000101001011111010101011011001100100110001100,256,256,3,1,134,169,ok,verify_per_image_metadata,dataset_metadata_required,pending_review,license_review_required;provenance_review_required
ffhq:00196.png,FFHQ,00196.png,C:\Users\USERAS\thesis_project\data\raw\FFHQ\00196.png,.png,102406,d11628285ac0d71cad763f247f181c8f300466e8c1c59c781c2a869d50e45254,a34780ef3e8aa74dc037b82f7b49074e67a7cdd247682abaec1916d077c055bb,1100111101000011010000110001011111000011000101111011001010000110,256,256,3,0,,,ok,verify_per_image_metadata,dataset_metadata_required,rejected,license_review_required;no_face_detected;provenance_review_required
ffhq:00197.png,FFHQ,00197.png,C:\Users\USERAS\thesis_project\data\raw\FFHQ\00197.png,.png,120713,7fb65be02bf692f47d276ae55d88259a797cea0a3cb497760545d1e8c05134c4,3180ac5f1c8763be65877062155ee0acaaa117c70a0603ecbce7a1055eb5ba9b,0111000110011100000111000101010011010100000101100000110010001001,256,256,3,0,,,ok,verify_per_image_metadata,dataset_metadata_required,rejected,license_review_required;no_face_detected;provenance_review_required
ffhq:00198.png,FFHQ,00198.png,C:\Users\USERAS\thesis_project\data\raw\FFHQ\00198.png,.png,85022,73da118efacc374bb2ea19567d308eb4e1f8d55854cebca297a857d33f1a677b,5e7b9ce26bf3292e89b2560f50bfcaf78e45d85e05725e675f55e33ae1be1adf,1110000111000011100000111000011110000111100010111100011011000111,256,256,3,0,,,ok,verify_per_image_metadata,dataset_metadata_required,rejected,license_review_required;no_face_detected;provenance_review_required
ffhq:00199.png,FFHQ,00199.png,C:\Users\USERAS\thesis_project\data\raw\FFHQ\00199.png,.png,105278,26accbe7ac922c63ce41ee27180b2851fb49cb7d6c1f8b468561b3bf690a0b1a,e2c9f14f0abbd8da24999df449eacab050749f9fe0eb6b04c2fb0cb6e0e5b327,0111001110110001110010000100110111010001010010110110001101000111,256,256,3,1,128,185,ok,verify_per_image_metadata,dataset_metadata_required,pending_review,license_review_required;provenance_review_required
