"FullName","Length","Hash"
"C:\Users\USERAS\thesis_project\.venv\Lib\site-packages\distutils-precedence.pth","151","2638CE9E2500E572A5E0DE7FAED6661EB569D1B696FCBA07B0DD223DA5F5D224"
"C:\Users\USERAS\thesis_project\.venv_worldclass\Lib\site-packages\lpips\weights\v0.0\alex.pth","5455","18720F55913D0AF89042F13FAA7E536A6CE1444A0914E6DB9461355ECE1E8CD5"
"C:\Users\USERAS\thesis_project\.venv_worldclass\Lib\site-packages\lpips\weights\v0.0\squeeze.pth","10057","C27ABD3A0145541BAA50990817DF58D3759C3F8154949F42AF3B59B4E042D0BF"
"C:\Users\USERAS\thesis_project\.venv_worldclass\Lib\site-packages\lpips\weights\v0.0\vgg.pth","6735","B9E4236260C3DD988FC79D2A48D645D885AFCBB21F9FD595E6744CF7419B582C"
"C:\Users\USERAS\thesis_project\.venv_worldclass\Lib\site-packages\lpips\weights\v0.1\alex.pth","6009","DF73285E35B22355A2DF87CDB6B70B343713B667EDDBDA73E1977E0C860835C0"
"C:\Users\USERAS\thesis_project\.venv_worldclass\Lib\site-packages\lpips\weights\v0.1\squeeze.pth","10811","4A5350F23600CB79923CE65BB07CBF57DCA461329894153E05A1346BD531CF76"
"C:\Users\USERAS\thesis_project\.venv_worldclass\Lib\site-packages\lpips\weights\v0.1\vgg.pth","7289","A78928A0AF1E5F0FCB1F3B9E8F8C3A2A5A3DE244D830AD5C1FEDDC79B8432868"
"C:\Users\USERAS\thesis_project\.venv_worldclass\Lib\site-packages\distutils-precedence.pth","151","2638CE9E2500E572A5E0DE7FAED6661EB569D1B696FCBA07B0DD223DA5F5D224"
"C:\Users\USERAS\thesis_project\.venv_worldclass\Lib\site-packages\protobuf-3.20.3-nspkg.pth","539","C47E604F1738522A583F7AAB6CFFB80821CD18157DEDE051E10AA185E0AF065E"
"C:\Users\USERAS\thesis_project\empathic_data\empathic_causal_test_rho0.5.pt","5842597","4E6C9A686A689A3EA4DC1D1E040BF45F09CD59FCD04F9E1EA1002587C1EE90D9"
"C:\Users\USERAS\thesis_project\empathic_data\empathic_causal_train_rho0.85.pt","23362681","9C624CDB697EAD60BFD978D62540B8250DB0EF8D38BC46301323FA5E1DC15F55"
"C:\Users\USERAS\thesis_project\outputs\checkpoints\counterfactual_cgf_js_mobilenet_v3_small_multimodal_10k_best_erm_stage1.pt","4824750","142AA36C3EE5C48E80353F4997C84C7A72176D0DE537691E0F7B2125D407996A"
"C:\Users\USERAS\thesis_project\outputs\checkpoints\counterfactual_cgf_js_mobilenet_v3_small_multimodal_publishable_best_cgf_fair_prod.pt","4827888","2BA11370069930687924B053B347AD29C4BAEB4FCDE0C06B8272698381B8A530"
"C:\Users\USERAS\thesis_project\outputs\checkpoints\counterfactual_concat_js_mobilenet_v3_small_multimodal_publishable_best_baseline_prod.pt","4228490","EE5D0047D82ED9482D1F25E469031065FDA28298FA9213988CCCDF42B32E04C7"
"C:\Users\USERAS\thesis_project\outputs\checkpoints\eqarnb_pruned_15_best.pt","5298950","997CFE6A83B5F127460C3DB2B3F8FA44596213BCC4C4E9B1036D16466140A046"
"C:\Users\USERAS\thesis_project\outputs\deployment\equitas_rcmf_edge_compiled.pt","5598863","1211736F5E44030BB06BAA69BDD76749118B457F1DFCF5B51812D78B549D510E"
"C:\Users\USERAS\thesis_project\outputs\lambda_sweep_ckpts\lambda_0.0_best.pth","4794078","A6B3E7272F477B7DA4CB683BC06080ADB5C344CA033FEF32D3CDDEE60CBD878E"
"C:\Users\USERAS\thesis_project\outputs\lambda_sweep_ckpts\lambda_0.0_final.pth","4794340","E4A997F632AE51C0C37A32D2E9A3BD092A34E6382707228AE041D4648AB09633"
"C:\Users\USERAS\thesis_project\outputs\lambda_sweep_ckpts\lambda_5.0_best.pth","4794078","24EF1D259FD4C26610ABD29122F1CE8CE71F574FA5F2BCFCE6BC6B4F29A524D2"
"C:\Users\USERAS\thesis_project\outputs\lambda_sweep_ckpts\lambda_5.0_final.pth","4794340","E169F03315ADE3FD8E879313171659E8BE199429113530D8F23EF36E7B6BAEB9"
"C:\Users\USERAS\thesis_project\outputs\legacy_checkpoints_quarantine\baseline_best.pt","343675483","00A566A90284FCC0970A07EEEA59A9A7F0CF41C2829AFEC35BF71E95445C1F6F"
"C:\Users\USERAS\thesis_project\outputs\legacy_checkpoints_quarantine\baseline_mobilenet_v3_small_concat_best.pt","4204623","7A9EFFE02B1F3BF627913620E8D5211910788A3F90557105AE2CA1735A28F407"
"C:\Users\USERAS\thesis_project\outputs\legacy_checkpoints_quarantine\counterfactual_cgf_js_mobilenet_v3_small_best.pt","4802058","C1A9525A803FD2E00A34DD306AF788577CC745C56E8330F519EDE37AD01E1512"
"C:\Users\USERAS\thesis_project\outputs\legacy_checkpoints_quarantine\counterfactual_cgf_js_mobilenet_v3_small_multimodal_10k_best.pt","4806022","545259DB0D383346A137BFDD3276F98A907A10DDA01C57E0154B6BD6D79264A4"
"C:\Users\USERAS\thesis_project\outputs\legacy_checkpoints_quarantine\counterfactual_cgf_js_mobilenet_v3_small_multimodal_10k_last.pt","4806022","5E89AB0E1B51B81F549B7BD0AE7F35D791D8A2AF9152142BC299F82DAB602CF6"
"C:\Users\USERAS\thesis_project\outputs\legacy_checkpoints_quarantine\counterfactual_cgf_js_mobilenet_v3_small_multimodal_10k_unbiased_best.pt","4810794","8E32A9F72533B601E7F28502452238F80108F846654851AEF1F4EAEA2FA3C1BD"
"C:\Users\USERAS\thesis_project\outputs\legacy_checkpoints_quarantine\counterfactual_cgf_js_mobilenet_v3_small_multimodal_10k_unbiased_best_pure_cf.pt","4823626","60BD8A88DEB66A4B3DEDBF718664CCC365E1C9D87FD709912A96D86044F37938"
"C:\Users\USERAS\thesis_project\outputs\legacy_checkpoints_quarantine\counterfactual_cgf_js_mobilenet_v3_small_multimodal_10k_unbiased_best_stiefel.pt","4823626","2BA767AB096ED521F398EEDB5F3C30A0B550DB91B7918A43B7B802BDAE8558AA"
"C:\Users\USERAS\thesis_project\outputs\legacy_checkpoints_quarantine\counterfactual_cgf_js_mobilenet_v3_small_multimodal_10k_unbiased_best_strict_stiefel.pt","4825446","0BDC0EE07632B77A349B6C6FB78D2A65F2136F92567A172D54E16564EA0E52CF"
"C:\Users\USERAS\thesis_project\outputs\legacy_checkpoints_quarantine\counterfactual_cgf_js_mobilenet_v3_small_multimodal_10k_unbiased_best_strict_v4.pt","4824146","C638267B63FFD9E84887F4FF596ED79D889DA2DFB1BDF7491803C56EBED4CD23"
"C:\Users\USERAS\thesis_project\outputs\legacy_checkpoints_quarantine\counterfactual_cgf_js_mobilenet_v3_small_multimodal_10k_unbiased_best_v4.pt","4822326","05429CCFBBC34842BD5A72BCC5B2A760054A639AD5B262D2A82563C087105760"
"C:\Users\USERAS\thesis_project\outputs\legacy_checkpoints_quarantine\counterfactual_cgf_js_mobilenet_v3_small_multimodal_10k_unbiased_pruned30.pt","4819002","4B3AB413BE26136285835A977A5232B4CF8F9034CBD97A2D1B73635033D9FA34"
"C:\Users\USERAS\thesis_project\outputs\legacy_checkpoints_quarantine\counterfactual_cgf_js_mobilenet_v3_small_multimodal_10k_unbiased_pruned30_repaired.pt","4810270","F8C511E32C0A189AA74C7E51363580E7CA9B6E75DEEDF6E158FDF053CDB1CFB0"
"C:\Users\USERAS\thesis_project\outputs\legacy_checkpoints_quarantine\counterfactual_cgf_js_mobilenet_v3_small_multimodal_best.pt","4804982","C7D63BEDC82B9999E0F6024F44487CA7558A88BB6F8E44F3896148E2342408DC"
"C:\Users\USERAS\thesis_project\outputs\legacy_checkpoints_quarantine\counterfactual_cgf_js_mobilenet_v3_small_multimodal_last.pt","4804982","E8843A8248B897A13707B0D23845D215E7E002F7986E92ABBB505477E925ADD1"
"C:\Users\USERAS\thesis_project\outputs\legacy_checkpoints_quarantine\counterfactual_cgf_js_mobilenet_v3_small_pruned30.pt","4800059","B7C16D004D6CE0C1692F50257BAB4B69C27E84560D8071E02BBDC455BBFAD170"
"C:\Users\USERAS\thesis_project\outputs\legacy_checkpoints_quarantine\counterfactual_cgf_js_mobilenet_v3_small_pruned30_repaired.pt","4791345","323712932B6C6B3E245602FEDF780C1D724EB64716C3A0AE809605A47B330683"
"C:\Users\USERAS\thesis_project\outputs\legacy_checkpoints_quarantine\counterfactual_cgf_js_vit_b_16_multimodal_10k_unbiased_best_stiefel.pt","344410430","C95F9CB4ED21CA3E6B4BBB62CAB4258C1AD4C801F728C7020E081433E5BCF535"
"C:\Users\USERAS\thesis_project\outputs\legacy_checkpoints_quarantine\counterfactual_concat_js_mobilenet_v3_small_multimodal_10k_unbiased_best.pt","4225150","CA236FCAD6B5F9192BA39EF53ABCF563FCE49D9C9FA48F4C106D5589C98C47F6"
"C:\Users\USERAS\thesis_project\outputs\legacy_checkpoints_quarantine\counterfactual_concat_js_mobilenet_v3_small_multimodal_10k_unbiased_best_stiefel.pt","4227166","78DE49DC129E5E37FF826D9538C60247F6DD714B69E783748D78F793E168EC54"
"C:\Users\USERAS\thesis_project\outputs\legacy_checkpoints_quarantine\counterfactual_concat_js_mobilenet_v3_small_multimodal_10k_unbiased_best_strict_baseline.pt","4229310","D0954715F281BBE1AE8A0C2C1EC29A95B577C0C7A8C826EE11358E32EF059A50"
"C:\Users\USERAS\thesis_project\outputs\legacy_checkpoints_quarantine\counterfactual_concat_js_mobilenet_v3_small_multimodal_10k_unbiased_best_strict_concat.pt","4228806","46F601A63922D792787927DAAD0022B1630DBA33F158DEE65E1D52FA0E301A22"
"C:\Users\USERAS\thesis_project\outputs\legacy_checkpoints_quarantine\counterfactual_fair_best.pt","343677351","0CE9DA8CFFACC0A898D1C9E5A7CEA51FC6E84CC531A7E7C02ABAACA1ADAAAD1D"
"C:\Users\USERAS\thesis_project\outputs\legacy_checkpoints_quarantine\dry_run_best.pt","4792728","08A09F65F3943113C156A59328DFF296266286632CDF941B155FE8042931768F"
"C:\Users\USERAS\thesis_project\outputs\pilot_checkpoints\eqarnb_ext_fold1.pt","4793828","799E0F0CBCCC0C802031EF411E58E193F9B36ED344D18AA7AD6B3292D43AE121"
"C:\Users\USERAS\thesis_project\outputs\pilot_checkpoints\eqarnb_mod_fold1.pt","4793828","4F577CFE72A4FA07342DFE612388E32A71BCF52CB2ACCD87AB01729A6B75638C"
"C:\Users\USERAS\thesis_project\outputs\pilot_checkpoints\eqarnb_rnd_fold1.pt","4793828","9FB0CA8AAD481BD31AEF37285E2DE7508F013DCF0DB2751B0A64DD81D84FC7BE"
"C:\Users\USERAS\thesis_project\outputs\quarantine_checkpoints_20260924\camera_off_baseline_mobilenet_seed100_mobilenet_v3_small_concat_best.pt","4213838","8BD1CC8CB093C69867210AE9AC75EA0A3248FE282E206D1F99C00FA61B8DA45B"
"C:\Users\USERAS\thesis_project\outputs\quarantine_checkpoints_20260924\camera_off_baseline_mobilenet_seed2026_mobilenet_v3_small_concat_best.pt","4214090","6FF9E40F8C9BB6B4BF209B0ECC9FEB098736A8536A7AC7B72CF3DA25412CD36E"
"C:\Users\USERAS\thesis_project\outputs\quarantine_checkpoints_20260924\camera_off_baseline_mobilenet_seed42_mobilenet_v3_small_concat_best.pt","4213586","B5044AEE714DDC4B1663D13B6F538C97512DBF4327EB973797C146F34A53396A"
"C:\Users\USERAS\thesis_project\outputs\quarantine_checkpoints_20260924\counterfactual_cgf_js_mobilenet_v3_small_multimodal_publishable_best__cgp_pruned_mobilenet_seed100.pt","4832144","DD12D83692A9C91FD2D794852E91E30DC97091EF51DE54697CC92E80DB703466"
"C:\Users\USERAS\thesis_project\outputs\quarantine_checkpoints_20260924\counterfactual_cgf_js_mobilenet_v3_small_multimodal_publishable_best__cgp_pruned_mobilenet_seed2026.pt","4832406","D8F4A654FEABFAA35565318C7CC1A18F77B36CE185952191AC0E5BA2AF74E1E5"
"C:\Users\USERAS\thesis_project\outputs\quarantine_checkpoints_20260924\counterfactual_cgf_js_mobilenet_v3_small_multimodal_publishable_best__cgp_pruned_mobilenet_seed42.pt","4831882","5D7320A02DBB415305D68BC147F00CF6D280DC3D4A0023BBCE97CA7A09B59AFC"
"C:\Users\USERAS\thesis_project\outputs\quarantine_checkpoints_20260924\equitas_rcmf_master_best.pt","5299833","4C2DCAD470271AD7109EC302A2E4D31EAC429CC054BA3D243CE0D39266B3BC5B"
"C:\Users\USERAS\thesis_project\outputs\quarantine_checkpoints_20260924\naive_erm_baseline_mobilenet_seed100_mobilenet_v3_small_concat_best.pt","4213586","545B5B5F41E2D4C6F2459D479A60633584504C9E1A9263875F2049BEE3E9A6E4"
"C:\Users\USERAS\thesis_project\outputs\quarantine_checkpoints_20260924\naive_erm_baseline_mobilenet_seed2026_mobilenet_v3_small_concat_best.pt","4213838","3A64CB4BFDAA80174CC5BEED5291AF7412C7E38E2C1F55AFD45F07B27F1C5E6C"
"C:\Users\USERAS\thesis_project\outputs\quarantine_checkpoints_20260924\naive_erm_baseline_mobilenet_seed42_mobilenet_v3_small_concat_best.pt","4213334","851FDBF3761A9B40ADA1AD56AA9604C34272586DBB51050A406BA7FB9B9CD61B"
"C:\Users\USERAS\thesis_project\outputs\quarantine_checkpoints_20260924\naive_erm_baseline_mobilenet_seed777_mobilenet_v3_small_concat_best.pt","4213586","3C53D85370D713AA8272475FA1DF71EDBC728E450F7859686E10460CDED5F2B0"
"C:\Users\USERAS\thesis_project\outputs\quarantine_checkpoints_20260924\naive_erm_baseline_mobilenet_v3_small_concat_best.pt","4206682","56272B71516EC6D43530070B5A87DAB84395C229F758B6A4D1B2B92426DEA17E"
"C:\Users\USERAS\thesis_project\outputs\quarantine_checkpoints_20260924\naive_erm_baseline_vit_seed42_vit_b_16_concat_best.pt","343712556","9CF29C56A8A00846947CFF64F769CD3FE294468086DA737953A0FCC4D3C74E10"
"C:\Users\USERAS\thesis_project\outputs\fair_model_best.pth","5196026","FFBDB3D987C9F55D62D802ED7AFC1D7E654381FF97F74CE4EB2D6AEEC64FEC40"
"C:\Users\USERAS\thesis_project\outputs\gw_cd_production_edge_int8.pth","4191673","AE51B3C1AAC3C746607016DE434718A8BA12CBE8A287438277E30D44EAA3BE3F"
"C:\Users\USERAS\thesis_project\outputs_snapshot_2026-09-25\checkpoints\counterfactual_cgf_js_mobilenet_v3_small_multimodal_10k_best_erm_stage1.pt","4824750","142AA36C3EE5C48E80353F4997C84C7A72176D0DE537691E0F7B2125D407996A"
"C:\Users\USERAS\thesis_project\outputs_snapshot_2026-09-25\checkpoints\counterfactual_cgf_js_mobilenet_v3_small_multimodal_publishable_best_cgf_fair_prod.pt","4827888","2BA11370069930687924B053B347AD29C4BAEB4FCDE0C06B8272698381B8A530"
"C:\Users\USERAS\thesis_project\outputs_snapshot_2026-09-25\checkpoints\counterfactual_concat_js_mobilenet_v3_small_multimodal_publishable_best_baseline_prod.pt","4228490","EE5D0047D82ED9482D1F25E469031065FDA28298FA9213988CCCDF42B32E04C7"
"C:\Users\USERAS\thesis_project\outputs_snapshot_2026-09-25\checkpoints\eqarnb_pruned_15_best.pt","5298950","997CFE6A83B5F127460C3DB2B3F8FA44596213BCC4C4E9B1036D16466140A046"
"C:\Users\USERAS\thesis_project\outputs_snapshot_2026-09-25\deployment\equitas_rcmf_edge_compiled.pt","5598863","1211736F5E44030BB06BAA69BDD76749118B457F1DFCF5B51812D78B549D510E"
"C:\Users\USERAS\thesis_project\outputs_snapshot_2026-09-25\lambda_sweep_ckpts\lambda_0.0_best.pth","4794078","A6B3E7272F477B7DA4CB683BC06080ADB5C344CA033FEF32D3CDDEE60CBD878E"
"C:\Users\USERAS\thesis_project\outputs_snapshot_2026-09-25\lambda_sweep_ckpts\lambda_0.0_final.pth","4794340","E4A997F632AE51C0C37A32D2E9A3BD092A34E6382707228AE041D4648AB09633"
"C:\Users\USERAS\thesis_project\outputs_snapshot_2026-09-25\lambda_sweep_ckpts\lambda_5.0_best.pth","4794078","24EF1D259FD4C26610ABD29122F1CE8CE71F574FA5F2BCFCE6BC6B4F29A524D2"
"C:\Users\USERAS\thesis_project\outputs_snapshot_2026-09-25\lambda_sweep_ckpts\lambda_5.0_final.pth","4794340","E169F03315ADE3FD8E879313171659E8BE199429113530D8F23EF36E7B6BAEB9"
"C:\Users\USERAS\thesis_project\outputs_snapshot_2026-09-25\legacy_checkpoints_quarantine\baseline_best.pt","343675483","00A566A90284FCC0970A07EEEA59A9A7F0CF41C2829AFEC35BF71E95445C1F6F"
"C:\Users\USERAS\thesis_project\outputs_snapshot_2026-09-25\legacy_checkpoints_quarantine\baseline_mobilenet_v3_small_concat_best.pt","4204623","7A9EFFE02B1F3BF627913620E8D5211910788A3F90557105AE2CA1735A28F407"
"C:\Users\USERAS\thesis_project\outputs_snapshot_2026-09-25\legacy_checkpoints_quarantine\counterfactual_cgf_js_mobilenet_v3_small_best.pt","4802058","C1A9525A803FD2E00A34DD306AF788577CC745C56E8330F519EDE37AD01E1512"
"C:\Users\USERAS\thesis_project\outputs_snapshot_2026-09-25\legacy_checkpoints_quarantine\counterfactual_cgf_js_mobilenet_v3_small_multimodal_10k_best.pt","4806022","545259DB0D383346A137BFDD3276F98A907A10DDA01C57E0154B6BD6D79264A4"
"C:\Users\USERAS\thesis_project\outputs_snapshot_2026-09-25\legacy_checkpoints_quarantine\counterfactual_cgf_js_mobilenet_v3_small_multimodal_10k_last.pt","4806022","5E89AB0E1B51B81F549B7BD0AE7F35D791D8A2AF9152142BC299F82DAB602CF6"
"C:\Users\USERAS\thesis_project\outputs_snapshot_2026-09-25\legacy_checkpoints_quarantine\counterfactual_cgf_js_mobilenet_v3_small_multimodal_10k_unbiased_best.pt","4810794","8E32A9F72533B601E7F28502452238F80108F846654851AEF1F4EAEA2FA3C1BD"
"C:\Users\USERAS\thesis_project\outputs_snapshot_2026-09-25\legacy_checkpoints_quarantine\counterfactual_cgf_js_mobilenet_v3_small_multimodal_10k_unbiased_best_pure_cf.pt","4823626","60BD8A88DEB66A4B3DEDBF718664CCC365E1C9D87FD709912A96D86044F37938"
"C:\Users\USERAS\thesis_project\outputs_snapshot_2026-09-25\legacy_checkpoints_quarantine\counterfactual_cgf_js_mobilenet_v3_small_multimodal_10k_unbiased_best_stiefel.pt","4823626","2BA767AB096ED521F398EEDB5F3C30A0B550DB91B7918A43B7B802BDAE8558AA"
"C:\Users\USERAS\thesis_project\outputs_snapshot_2026-09-25\legacy_checkpoints_quarantine\counterfactual_cgf_js_mobilenet_v3_small_multimodal_10k_unbiased_best_strict_stiefel.pt","4825446","0BDC0EE07632B77A349B6C6FB78D2A65F2136F92567A172D54E16564EA0E52CF"
"C:\Users\USERAS\thesis_project\outputs_snapshot_2026-09-25\legacy_checkpoints_quarantine\counterfactual_cgf_js_mobilenet_v3_small_multimodal_10k_unbiased_best_strict_v4.pt","4824146","C638267B63FFD9E84887F4FF596ED79D889DA2DFB1BDF7491803C56EBED4CD23"
"C:\Users\USERAS\thesis_project\outputs_snapshot_2026-09-25\legacy_checkpoints_quarantine\counterfactual_cgf_js_mobilenet_v3_small_multimodal_10k_unbiased_best_v4.pt","4822326","05429CCFBBC34842BD5A72BCC5B2A760054A639AD5B262D2A82563C087105760"
"C:\Users\USERAS\thesis_project\outputs_snapshot_2026-09-25\legacy_checkpoints_quarantine\counterfactual_cgf_js_mobilenet_v3_small_multimodal_10k_unbiased_pruned30.pt","4819002","4B3AB413BE26136285835A977A5232B4CF8F9034CBD97A2D1B73635033D9FA34"
"C:\Users\USERAS\thesis_project\outputs_snapshot_2026-09-25\legacy_checkpoints_quarantine\counterfactual_cgf_js_mobilenet_v3_small_multimodal_10k_unbiased_pruned30_repaired.pt","4810270","F8C511E32C0A189AA74C7E51363580E7CA9B6E75DEEDF6E158FDF053CDB1CFB0"
"C:\Users\USERAS\thesis_project\outputs_snapshot_2026-09-25\legacy_checkpoints_quarantine\counterfactual_cgf_js_mobilenet_v3_small_multimodal_best.pt","4804982","C7D63BEDC82B9999E0F6024F44487CA7558A88BB6F8E44F3896148E2342408DC"
"C:\Users\USERAS\thesis_project\outputs_snapshot_2026-09-25\legacy_checkpoints_quarantine\counterfactual_cgf_js_mobilenet_v3_small_multimodal_last.pt","4804982","E8843A8248B897A13707B0D23845D215E7E002F7986E92ABBB505477E925ADD1"
"C:\Users\USERAS\thesis_project\outputs_snapshot_2026-09-25\legacy_checkpoints_quarantine\counterfactual_cgf_js_mobilenet_v3_small_pruned30.pt","4800059","B7C16D004D6CE0C1692F50257BAB4B69C27E84560D8071E02BBDC455BBFAD170"
"C:\Users\USERAS\thesis_project\outputs_snapshot_2026-09-25\legacy_checkpoints_quarantine\counterfactual_cgf_js_mobilenet_v3_small_pruned30_repaired.pt","4791345","323712932B6C6B3E245602FEDF780C1D724EB64716C3A0AE809605A47B330683"
"C:\Users\USERAS\thesis_project\outputs_snapshot_2026-09-25\legacy_checkpoints_quarantine\counterfactual_cgf_js_vit_b_16_multimodal_10k_unbiased_best_stiefel.pt","344410430","C95F9CB4ED21CA3E6B4BBB62CAB4258C1AD4C801F728C7020E081433E5BCF535"
"C:\Users\USERAS\thesis_project\outputs_snapshot_2026-09-25\legacy_checkpoints_quarantine\counterfactual_concat_js_mobilenet_v3_small_multimodal_10k_unbiased_best.pt","4225150","CA236FCAD6B5F9192BA39EF53ABCF563FCE49D9C9FA48F4C106D5589C98C47F6"
"C:\Users\USERAS\thesis_project\outputs_snapshot_2026-09-25\legacy_checkpoints_quarantine\counterfactual_concat_js_mobilenet_v3_small_multimodal_10k_unbiased_best_stiefel.pt","4227166","78DE49DC129E5E37FF826D9538C60247F6DD714B69E783748D78F793E168EC54"
"C:\Users\USERAS\thesis_project\outputs_snapshot_2026-09-25\legacy_checkpoints_quarantine\counterfactual_concat_js_mobilenet_v3_small_multimodal_10k_unbiased_best_strict_baseline.pt","4229310","D0954715F281BBE1AE8A0C2C1EC29A95B577C0C7A8C826EE11358E32EF059A50"
"C:\Users\USERAS\thesis_project\outputs_snapshot_2026-09-25\legacy_checkpoints_quarantine\counterfactual_concat_js_mobilenet_v3_small_multimodal_10k_unbiased_best_strict_concat.pt","4228806","46F601A63922D792787927DAAD0022B1630DBA33F158DEE65E1D52FA0E301A22"
"C:\Users\USERAS\thesis_project\outputs_snapshot_2026-09-25\legacy_checkpoints_quarantine\counterfactual_fair_best.pt","343677351","0CE9DA8CFFACC0A898D1C9E5A7CEA51FC6E84CC531A7E7C02ABAACA1ADAAAD1D"
"C:\Users\USERAS\thesis_project\outputs_snapshot_2026-09-25\legacy_checkpoints_quarantine\dry_run_best.pt","4792728","08A09F65F3943113C156A59328DFF296266286632CDF941B155FE8042931768F"
"C:\Users\USERAS\thesis_project\outputs_snapshot_2026-09-25\pilot_checkpoints\eqarnb_ext_fold1.pt","4793828","799E0F0CBCCC0C802031EF411E58E193F9B36ED344D18AA7AD6B3292D43AE121"
"C:\Users\USERAS\thesis_project\outputs_snapshot_2026-09-25\pilot_checkpoints\eqarnb_mod_fold1.pt","4793828","4F577CFE72A4FA07342DFE612388E32A71BCF52CB2ACCD87AB01729A6B75638C"
"C:\Users\USERAS\thesis_project\outputs_snapshot_2026-09-25\pilot_checkpoints\eqarnb_rnd_fold1.pt","4793828","9FB0CA8AAD481BD31AEF37285E2DE7508F013DCF0DB2751B0A64DD81D84FC7BE"
"C:\Users\USERAS\thesis_project\outputs_snapshot_2026-09-25\quarantine_checkpoints_20260924\camera_off_baseline_mobilenet_seed100_mobilenet_v3_small_concat_best.pt","4213838","8BD1CC8CB093C69867210AE9AC75EA0A3248FE282E206D1F99C00FA61B8DA45B"
"C:\Users\USERAS\thesis_project\outputs_snapshot_2026-09-25\quarantine_checkpoints_20260924\camera_off_baseline_mobilenet_seed2026_mobilenet_v3_small_concat_best.pt","4214090","6FF9E40F8C9BB6B4BF209B0ECC9FEB098736A8536A7AC7B72CF3DA25412CD36E"
"C:\Users\USERAS\thesis_project\outputs_snapshot_2026-09-25\quarantine_checkpoints_20260924\camera_off_baseline_mobilenet_seed42_mobilenet_v3_small_concat_best.pt","4213586","B5044AEE714DDC4B1663D13B6F538C97512DBF4327EB973797C146F34A53396A"
"C:\Users\USERAS\thesis_project\outputs_snapshot_2026-09-25\quarantine_checkpoints_20260924\counterfactual_cgf_js_mobilenet_v3_small_multimodal_publishable_best__cgp_pruned_mobilenet_seed100.pt","4832144","DD12D83692A9C91FD2D794852E91E30DC97091EF51DE54697CC92E80DB703466"
"C:\Users\USERAS\thesis_project\outputs_snapshot_2026-09-25\quarantine_checkpoints_20260924\counterfactual_cgf_js_mobilenet_v3_small_multimodal_publishable_best__cgp_pruned_mobilenet_seed2026.pt","4832406","D8F4A654FEABFAA35565318C7CC1A18F77B36CE185952191AC0E5BA2AF74E1E5"
"C:\Users\USERAS\thesis_project\outputs_snapshot_2026-09-25\quarantine_checkpoints_20260924\counterfactual_cgf_js_mobilenet_v3_small_multimodal_publishable_best__cgp_pruned_mobilenet_seed42.pt","4831882","5D7320A02DBB415305D68BC147F00CF6D280DC3D4A0023BBCE97CA7A09B59AFC"
"C:\Users\USERAS\thesis_project\outputs_snapshot_2026-09-25\quarantine_checkpoints_20260924\equitas_rcmf_master_best.pt","5299833","4C2DCAD470271AD7109EC302A2E4D31EAC429CC054BA3D243CE0D39266B3BC5B"
"C:\Users\USERAS\thesis_project\outputs_snapshot_2026-09-25\quarantine_checkpoints_20260924\naive_erm_baseline_mobilenet_seed100_mobilenet_v3_small_concat_best.pt","4213586","545B5B5F41E2D4C6F2459D479A60633584504C9E1A9263875F2049BEE3E9A6E4"
"C:\Users\USERAS\thesis_project\outputs_snapshot_2026-09-25\quarantine_checkpoints_20260924\naive_erm_baseline_mobilenet_seed2026_mobilenet_v3_small_concat_best.pt","4213838","3A64CB4BFDAA80174CC5BEED5291AF7412C7E38E2C1F55AFD45F07B27F1C5E6C"
"C:\Users\USERAS\thesis_project\outputs_snapshot_2026-09-25\quarantine_checkpoints_20260924\naive_erm_baseline_mobilenet_seed42_mobilenet_v3_small_concat_best.pt","4213334","851FDBF3761A9B40ADA1AD56AA9604C34272586DBB51050A406BA7FB9B9CD61B"
"C:\Users\USERAS\thesis_project\outputs_snapshot_2026-09-25\quarantine_checkpoints_20260924\naive_erm_baseline_mobilenet_seed777_mobilenet_v3_small_concat_best.pt","4213586","3C53D85370D713AA8272475FA1DF71EDBC728E450F7859686E10460CDED5F2B0"
"C:\Users\USERAS\thesis_project\outputs_snapshot_2026-09-25\quarantine_checkpoints_20260924\naive_erm_baseline_mobilenet_v3_small_concat_best.pt","4206682","56272B71516EC6D43530070B5A87DAB84395C229F758B6A4D1B2B92426DEA17E"
"C:\Users\USERAS\thesis_project\outputs_snapshot_2026-09-25\quarantine_checkpoints_20260924\naive_erm_baseline_vit_seed42_vit_b_16_concat_best.pt","343712556","9CF29C56A8A00846947CFF64F769CD3FE294468086DA737953A0FCC4D3C74E10"
"C:\Users\USERAS\thesis_project\outputs_snapshot_2026-09-25\fair_model_best.pth","5196026","FFBDB3D987C9F55D62D802ED7AFC1D7E654381FF97F74CE4EB2D6AEEC64FEC40"
"C:\Users\USERAS\thesis_project\outputs_snapshot_2026-09-25\gw_cd_production_edge_int8.pth","4191673","AE51B3C1AAC3C746607016DE434718A8BA12CBE8A287438277E30D44EAA3BE3F"
"C:\Users\USERAS\thesis_project\scratch\rPPG-Toolbox\dataset\data_loader\face_detector\ckpts\Y5sF_WFRGB.pth","28505213","49B1EDA51340F6137871ABEF727B3AFE7FB0BED506A8486D06D9711D25F33EF7"
"C:\Users\USERAS\thesis_project\scratch\rPPG-Toolbox\final_model_release\BP4D_BigSmall_Multitask_Fold1.pth","8580229","8789820ED61519337F86E5AE44ABC2E099C66A3992FD5C103A995DD397A8143A"
"C:\Users\USERAS\thesis_project\scratch\rPPG-Toolbox\final_model_release\BP4D_BigSmall_Multitask_Fold2.pth","8580229","3110EDAC551C8516027F434CE753A243414F85FDCAAA8EED0C898BFF11B24CF8"
"C:\Users\USERAS\thesis_project\scratch\rPPG-Toolbox\final_model_release\BP4D_BigSmall_Multitask_Fold3.pth","8580229","68FEF0FA7A3C66A662353286F83594F7E13D033C1C5F857D5FBF25B360C54698"
"C:\Users\USERAS\thesis_project\scratch\rPPG-Toolbox\final_model_release\BP4D_PseudoLabel_DeepPhys.pth","8922461","6FD6C5BC865A54A16D7E77938BC9EA92551660908CAC2C34712DEC707C17EE62"
"C:\Users\USERAS\thesis_project\scratch\rPPG-Toolbox\final_model_release\BP4D_PseudoLabel_EfficientPhys.pth","8659174","0E159BE056D9D1198761EEC8149FE484EAEE97E98B1DE0EA510A843D5646B1A2"
"C:\Users\USERAS\thesis_project\scratch\rPPG-Toolbox\final_model_release\BP4D_PseudoLabel_PhysNet_DiffNormalized.pth","3104568","AA1BD7364A469BC085B20DBC9DBBCC0FAEAB0D630F492573EBF52C79FAFC66B7"
"C:\Users\USERAS\thesis_project\scratch\rPPG-Toolbox\final_model_release\BP4D_PseudoLabel_TSCAN.pth","8922589","DF491BF8F080B5270BDB84F8F2D1E0AA1FB064DF19EE2C96B2A7F27651FC6292"
"C:\Users\USERAS\thesis_project\scratch\rPPG-Toolbox\final_model_release\iBVP_EfficientPhys.pth","8660417","F0DE839C875E02FBC6B6DF3654F06C512AB45EB0E4722AA41F71063CFF03FA1B"
"C:\Users\USERAS\thesis_project\scratch\rPPG-Toolbox\final_model_release\iBVP_FactorizePhys_FSAM_Res.pth","219867","21E20EA54498ADCF4B4238CC49D407C807DF08E2CF8C0E5CF8C6518AB463BF27"
"C:\Users\USERAS\thesis_project\scratch\rPPG-Toolbox\final_model_release\MA-UBFC_deepphys.pth","8922461","2380A4148CCA9E25EAF8B67B64DBACA94F568F6018DEFF0D8D8D8ACD67E33420"
"C:\Users\USERAS\thesis_project\scratch\rPPG-Toolbox\final_model_release\MA-UBFC_efficientphys.pth","8659174","597FB4E19EB278160F860D96F5570EF58879FB96F07D378BA3114B00F2C585DD"
"C:\Users\USERAS\thesis_project\scratch\rPPG-Toolbox\final_model_release\MA-UBFC_physnet.pth","3104568","670F313CE169E773FBDFC23EDE578C6D14A7DA9DCED6596F3AD9DE9677E01CE8"
"C:\Users\USERAS\thesis_project\scratch\rPPG-Toolbox\final_model_release\MA-UBFC_tscan.pth","8922589","F751D6FDD264DC75EE5D3E937A9A20FA651E4B83DFDD2DEE875247A1F86C9ADB"
"C:\Users\USERAS\thesis_project\scratch\rPPG-Toolbox\final_model_release\PURE_DeepPhys.pth","8922461","F028DAEFDBD5ADC44C7A6174E8301CB5F421D0C05D95CFEA9776B9FBBE0F5A61"
"C:\Users\USERAS\thesis_project\scratch\rPPG-Toolbox\final_model_release\PURE_EfficientPhys.pth","8659174","E65A962E07BCAC32A668E6ACB9F8ED43CDB1B01CFB97262654DC5B55C0CF3A49"
"C:\Users\USERAS\thesis_project\scratch\rPPG-Toolbox\final_model_release\PURE_FactorizePhys_FSAM_Res.pth","219867","00352947D39AEE1853B5BFF00577916876A89A6F81BF8E49216432F1C5BB9BBB"
"C:\Users\USERAS\thesis_project\scratch\rPPG-Toolbox\final_model_release\PURE_iBVPNet.pth","5725307","865C3E0FFD67E30AF861A2D4695A03A8750BA1C7780F3C2E39D33802B0267678"
"C:\Users\USERAS\thesis_project\scratch\rPPG-Toolbox\final_model_release\PURE_PhysFormer_DiffNormalized.pth","29772029","D27EAC3ABA0BF7473E528154CBCF714A6384CD9B074BA8D641269E4CAC5CB09E"
"C:\Users\USERAS\thesis_project\scratch\rPPG-Toolbox\final_model_release\PURE_PhysMamba_DiffNormalized.pth","3013798","2DA6B9BC7E8728C20743C8F359EB43EEFD2A96665098A29302FED2B09BC6B7D7"
"C:\Users\USERAS\thesis_project\scratch\rPPG-Toolbox\final_model_release\PURE_PhysNet_DiffNormalized.pth","3104568","CF295FF0B7A43EE638B9A8CE5A9C62801D5F196B360B3A589FDD5AA43CE623F8"
"C:\Users\USERAS\thesis_project\scratch\rPPG-Toolbox\final_model_release\PURE_RhythmFormer.pth","13498094","67F6E63FEE41DBD73B82A4A43BE5EE94E1CBF59130FC265EF881286B64B03341"
"C:\Users\USERAS\thesis_project\scratch\rPPG-Toolbox\final_model_release\PURE_TSCAN.pth","8922589","BA02D9C5866779D57923BFE0D6BF0B1652B4DE5443193185AC0B74A492A1AE87"
"C:\Users\USERAS\thesis_project\scratch\rPPG-Toolbox\final_model_release\SCAMPS_DeepPhys.pth","8922461","44A525C2D3C5B476B96DF812CADB9976C3813190C59C8E1846505BE7F6EDFB69"
"C:\Users\USERAS\thesis_project\scratch\rPPG-Toolbox\final_model_release\SCAMPS_EfficientPhys.pth","8659174","AFC601303CC026B647495A9C127D5C2FE00DBA7E85EDFEEDB6ABA14DABB608CC"
"C:\Users\USERAS\thesis_project\scratch\rPPG-Toolbox\final_model_release\SCAMPS_FactorizePhys_FSAM_Res.pth","219903","FDF58EFE1781C3E85194F3DE9AF2D945C8CEF2C418005BD3F9A55A542E55CB45"
"C:\Users\USERAS\thesis_project\scratch\rPPG-Toolbox\final_model_release\SCAMPS_PhysFormer_DiffNormalized.pth","29772026","2B198B8C1C63688B05F2D7CC7A97AB4D8FDEA16999BE665AFE5FBCCCAC03C1B7"
"C:\Users\USERAS\thesis_project\scratch\rPPG-Toolbox\final_model_release\SCAMPS_PhysNet_DiffNormalized.pth","3104568","3059A4B2CF0AB155F1B63CDB8B858785A61A502242307F6E82ABF8A7D588BA79"
"C:\Users\USERAS\thesis_project\scratch\rPPG-Toolbox\final_model_release\SCAMPS_TSCAN.pth","8922589","9615B2211DC89AAC7404E145754B59571877DF587C1CC243F286CB0B637694F7"
"C:\Users\USERAS\thesis_project\scratch\rPPG-Toolbox\final_model_release\UBFC-rPPG_DeepPhys.pth","8922461","1ED8B94E57FB1A12D18A426AF5AC818223182F27CFBD48801AC8A529ACCC1159"
"C:\Users\USERAS\thesis_project\scratch\rPPG-Toolbox\final_model_release\UBFC-rPPG_EfficientPhys.pth","8659174","219B970E04B3580EE4C063554B7D9FE2A7A3CEB4E9E585980F15AC8313054CD6"
"C:\Users\USERAS\thesis_project\scratch\rPPG-Toolbox\final_model_release\UBFC-rPPG_FactorizePhys_FSAM_Res.pth","220021","03CB8590E0B1F0FE669534D9708520FED0B20E1FE28E1B57A56A2504B4A246F6"
"C:\Users\USERAS\thesis_project\scratch\rPPG-Toolbox\final_model_release\UBFC-rPPG_PhysFormer_DiffNormalized.pth","29772024","4F2B0ED8A270F1687B275ACE05B6CA0CED8D91F227BD3C3F0D584D16D0D4B02E"
"C:\Users\USERAS\thesis_project\scratch\rPPG-Toolbox\final_model_release\UBFC-rPPG_PhysMamba_DiffNormalized.pth","3013798","FD18F227FF18F5140F471DC78E61426D9344ECC43677B35EC16B3199F1DCCD19"
"C:\Users\USERAS\thesis_project\scratch\rPPG-Toolbox\final_model_release\UBFC-rPPG_PhysNet_DiffNormalized.pth","3104568","6C00DB978D9DB3566B8953A97CB7CFCD6DEB9522B0CBC937C921BB1859A1CDD0"
"C:\Users\USERAS\thesis_project\scratch\rPPG-Toolbox\final_model_release\UBFC-rPPG_RhythmFormer.pth","13498094","9E1EB17E57487CCF1213B5459F980A6552B0E41BA814C07059DCA4DFB01F985A"
"C:\Users\USERAS\thesis_project\scratch\rPPG-Toolbox\final_model_release\UBFC-rPPG_TSCAN.pth","8922589","3C087279861A6312BBE770B348C7609F30CB5B5BB7CED7FA446CAEBF072196E3"
"C:\Users\USERAS\thesis_project\venv\Lib\site-packages\distutils-precedence.pth","151","2638CE9E2500E572A5E0DE7FAED6661EB569D1B696FCBA07B0DD223DA5F5D224"
"C:\Users\USERAS\thesis_project\gw_cd_production_best.pth","5462587","083AC6C099CB3F481E997A695A664341DCA5D1F95EE5047C686585850C1C5B81"
